Case #1: 5
1 1 1 1 1 0 0 0 0 0 0 0 0 0 0 0 0 0 0 0 0 0 0 0 0 0 0 0 0 0 0 0 0 0 0 0 0 0 0 0 0 0 0 0 0 0 0 0 0 0 0 0 0 0 0 0 0 0 0 0 0 0 0 0 0 0 0 0 0 0 0 0 0 0 0 0 0 0 0 0 0 0 0 0 0 0 0 0 0 0 0 0 0 0 0 0 0 0 0 0 0 0 0 0 0 0 0 0 0 0 0 0 0 0 0 0 0 0 0 0 0 0 0 0 0 0 0 0 0 0 0 0 0 0 0 0 0 0 0 0 0 0 0 0 
Case #2: 13
1 1 1 1 1 1 1 1 1 1 1 1 1 0 0 0 0 0 0 0 0 0 0 0 0 0 0 0 0 0 0 0 0 0 0 0 0 0 0 0 0 0 0 0 0 0 0 0 0 0 0 0 0 0 0 0 0 0 0 0 0 0 0 0 0 0 0 0 0 0 0 0 0 0 0 0 0 0 0 0 0 0 0 0 0 0 0 0 0 0 
Case #3: 107
11 11 11 11 11 11 11 11 10 9 0 
Case #4: 8
1 1 1 1 1 1 1 1 0 0 0 0 0 0 0 0 0 0 0 0 0 0 0 0 0 0 0 0 0 0 0 0 0 0 0 0 0 0 0 0 0 0 0 0 0 0 0 0 0 0 0 0 0 0 0 0 0 0 0 0 0 0 0 0 0 0 0 0 0 0 0 0 0 0 0 0 0 0 0 0 0 0 0 0 0 0 0 0 0 0 0 0 0 0 0 0 0 0 0 0 0 0 0 0 0 0 0 0 0 0 0 0 0 0 0 0 0 0 0 0 0 0 0 0 0 0 0 0 0 0 0 0 0 0 0 0 0 0 0 0 0 0 0 0 0 0 0 0 0 0 0 0 0 0 0 0 0 0 0 0 0 0 0 0 0 0 0 0 0 0 0 0 0 0 0 0 0 0 0 0 0 0 0 0 0 0 0 0 0 0 0 
Case #5: 12332
294 294 294 294 294 294 294 294 294 294 294 294 294 294 294 294 294 294 294 294 294 294 294 294 294 294 293 293 293 293 293 293 293 293 293 293 293 293 293 293 293 293 
Case #6: 804609
1694 1694 1694 1694 1694 1694 1694 1694 1694 1694 1694 1694 1694 1694 1694 1694 1694 1694 1694 1694 1694 1694 1694 1694 1694 1694 1694 1694 1694 1694 1694 1694 1694 1694 1694 1694 1694 1694 1694 1694 1694 1694 1694 1694 1694 1694 1694 1694 1694 1694 1694 1694 1694 1694 1694 1694 1694 1694 1694 1694 1694 1694 1694 1694 1694 1694 1694 1694 1694 1694 1694 1694 1694 1694 1694 1694 1694 1694 1694 1694 1694 1694 1694 1694 1694 1694 1694 1694 1694 1694 1694 1694 1694 1694 1694 1694 1694 1694 1694 1694 1694 1694 1694 1694 1694 1694 1694 1694 1694 1694 1694 1694 1694 1694 1694 1694 1694 1694 1694 1694 1694 1694 1694 1694 1694 1694 1694 1694 1694 1694 1694 1694 1694 1694 1694 1694 1694 1694 1694 1694 1694 1694 1694 1694 1694 1694 1694 1694 1694 1694 1694 1694 1694 1694 1694 1694 1694 1694 1694 1694 1694 1694 1694 1694 1694 1694 1694 1694 1694 1694 1694 1694 1694 1694 1694 1694 1694 1694 1694 1694 1694 1694 1694 1694 1694 1694 1694 1694 1694 1694 1694 1694 1694 1694 1694 1694 1694 1694 1694 1694 1694 1694 1694 1694 1694 1694 1694 1694 1694 1694 1694 1694 1694 1694 1694 1694 1694 1694 1694 1694 1694 1694 1694 1694 1694 1694 1694 1694 1694 1694 1694 1694 1694 1694 1694 1694 1694 1694 1694 1694 1694 1694 1694 1694 1694 1694 1694 1694 1694 1694 1694 1694 1694 1694 1694 1694 1694 1694 1694 1694 1694 1694 1694 1694 1694 1694 1694 1694 1694 1694 1694 1694 1694 1694 1694 1694 1694 1694 1694 1694 1694 1694 1694 1694 1694 1694 1694 1694 1694 1694 1694 1694 1694 1694 1694 1694 1694 1694 1694 1694 1694 1694 1694 1694 1694 1694 1694 1694 1694 1694 1694 1694 1694 1694 1694 1694 1694 1694 1694 1694 1694 1694 1694 1694 1694 1694 1694 1694 1694 1694 1694 1694 1694 1694 1694 1694 1694 1694 1694 1694 1694 1694 1694 1694 1694 1694 1694 1694 1694 1694 1694 1694 1694 1694 1694 1694 1694 1694 1694 1694 1694 1694 1694 1694 1694 1694 1694 1694 1694 1694 1694 1694 1694 1694 1694 1694 1694 1694 1694 1694 1694 1694 1694 1694 1694 1694 1694 1694 1694 1694 1694 1694 1694 1694 1694 1694 1694 1694 1694 1694 1694 1694 1694 1694 1694 1694 1694 1694 1694 1694 1694 1694 1694 1694 1694 1694 1694 1694 1694 1694 1694 1694 1694 1694 1694 1694 1694 1694 1694 1694 1694 1694 1694 1694 1694 1694 1694 1694 1694 1694 1694 1694 1694 1694 1694 1694 1694 1694 1694 1694 1694 1694 1694 1694 1694 1694 1693 1693 1693 1692 1692 1692 1692 1692 1692 1692 1692 1692 1692 1691 1691 1691 1691 1691 1691 
Case #7: 8
1 1 1 1 1 1 1 1 0 0 0 0 
Case #8: 2
2 0 0 0 0 0 0 0 0 0 0 0 0 0 0 0 0 0 0 0 0 0 0 0 0 0 0 0 0 0 0 0 0 0 0 0 0 0 0 0 0 0 0 0 0 0 0 0 0 0 0 0 0 0 0 0 0 0 0 0 0 0 0 0 0 0 0 0 0 0 0 0 0 0 0 0 0 0 0 0 0 0 0 0 0 0 0 0 0 0 0 0 0 0 0 0 0 0 0 0 0 0 0 0 0 0 0 0 0 0 0 0 0 0 0 0 0 0 0 0 0 0 0 0 0 0 0 0 0 0 0 0 0 0 0 0 0 0 0 0 0 0 0 0 0 0 0 0 0 0 
Case #9: 2822117
16313 16313 16313 16313 16313 16313 16313 16313 16313 16313 16313 16313 16313 16313 16313 16313 16313 16313 16313 16313 16313 16313 16313 16313 16313 16313 16313 16313 16313 16313 16313 16313 16313 16313 16313 16313 16313 16313 16313 16313 16313 16313 16313 16313 16313 16313 16313 16313 16313 16313 16313 16313 16313 16313 16313 16313 16313 16313 16313 16313 16313 16313 16313 16313 16313 16313 16313 16313 16313 16313 16313 16313 16313 16313 16313 16313 16313 16313 16313 16313 16313 16313 16313 16313 16313 16313 16313 16313 16313 16313 16313 16313 16313 16313 16313 16313 16313 16313 16313 16313 16313 16313 16313 16313 16313 16313 16313 16313 16313 16313 16313 16313 16313 16313 16313 16313 16313 16313 16313 16313 16313 16313 16313 16313 16313 16313 16313 16313 16313 16313 16313 16313 16313 16313 16313 16313 16313 16313 16313 16313 16313 16312 16312 16312 16312 16312 16312 16312 16312 16312 16312 16312 16312 16312 16312 16312 16312 16312 16312 16312 16312 16312 16312 16312 16312 16312 16312 16312 16312 16312 16312 16312 16312 
Case #10: 530571801
1695118 1695118 1695118 1695118 1695118 1695118 1695118 1695118 1695118 1695118 1695118 1695118 1695118 1695118 1695118 1695118 1695118 1695118 1695118 1695118 1695118 1695118 1695118 1695118 1695118 1695118 1695118 1695118 1695118 1695118 1695118 1695118 1695118 1695118 1695118 1695118 1695118 1695118 1695118 1695118 1695118 1695118 1695118 1695118 1695118 1695118 1695118 1695118 1695118 1695118 1695118 1695118 1695118 1695118 1695118 1695118 1695118 1695118 1695118 1695118 1695118 1695118 1695118 1695118 1695118 1695118 1695118 1695118 1695118 1695118 1695118 1695118 1695118 1695118 1695118 1695118 1695118 1695118 1695118 1695118 1695118 1695118 1695118 1695118 1695118 1695118 1695118 1695118 1695118 1695118 1695118 1695118 1695118 1695118 1695118 1695118 1695118 1695118 1695118 1695118 1695118 1695118 1695118 1695118 1695118 1695118 1695118 1695118 1695118 1695118 1695118 1695118 1695118 1695118 1695118 1695118 1695118 1695118 1695118 1695118 1695118 1695118 1695118 1695118 1695118 1695118 1695118 1695118 1695118 1695118 1695118 1695118 1695118 1695118 1695118 1695118 1695118 1695118 1695118 1695118 1695118 1695118 1695118 1695118 1695118 1695118 1695118 1695118 1695118 1695118 1695118 1695118 1695118 1695118 1695118 1695118 1695118 1695118 1695118 1695118 1695118 1695118 1695118 1695118 1695118 1695118 1695118 1695118 1695118 1695118 1695118 1695118 1695118 1695118 1695118 1695118 1695118 1695118 1695118 1695118 1695118 1695118 1695118 1695118 1695118 1695118 1695118 1695118 1695118 1695118 1695118 1695118 1695118 1695118 1695118 1695118 1695118 1695118 1695118 1695118 1695118 1695118 1695118 1695118 1695118 1695118 1695118 1695118 1695118 1695118 1695118 1695118 1695118 1695118 1695118 1695118 1695118 1695118 1695118 1695118 1695118 1695118 1695118 1695118 1695118 1695118 1695118 1695118 1695118 1695118 1695118 1695118 1695118 1695118 1695118 1695118 1695118 1695118 1695118 1695118 1695118 1695118 1695118 1695118 1695118 1695118 1695118 1695118 1695118 1695118 1695118 1695118 1695118 1695118 1695118 1695118 1695118 1695118 1695118 1695118 1695118 1695118 1695118 1695118 1695118 1695118 1695118 1695118 1695118 1695118 1695118 1695118 1695118 1695118 1695118 1695118 1695118 1695118 1695118 1695118 1695118 1695118 1695118 1695118 1695118 1695118 1695118 1695118 1695118 1695118 1695118 1695118 1695118 1695118 1695118 1695118 1695118 1695118 1695118 1695118 1695118 1695118 1695118 1695118 1695118 1695118 1695118 1695118 1695118 1695118 1695118 1695118 1694985 
Case #11: 15657
39 39 39 39 39 39 39 39 39 39 39 39 39 39 39 39 39 39 39 39 39 39 39 39 39 39 39 39 39 39 39 39 39 39 39 39 39 39 39 39 39 39 39 39 39 39 39 39 39 39 39 39 39 39 39 39 39 39 39 39 39 39 39 39 39 39 39 39 39 39 39 39 39 39 39 39 39 39 39 39 39 39 39 39 39 39 39 39 39 39 39 39 39 39 39 39 39 39 39 39 39 39 39 39 39 39 39 39 39 39 39 39 39 39 39 39 39 39 39 39 39 39 39 39 39 39 39 39 39 39 39 39 39 39 39 39 39 39 39 39 39 39 39 39 39 39 39 39 39 39 39 39 39 39 39 39 39 39 39 39 39 39 39 39 39 39 39 39 39 39 39 39 39 39 39 39 39 39 39 39 39 39 39 39 39 39 39 39 39 39 39 39 38 38 38 38 38 38 38 38 38 38 38 38 38 38 38 38 38 38 38 38 38 38 38 38 38 38 38 38 38 38 38 38 38 38 38 38 38 38 38 38 38 38 38 38 38 38 38 38 38 38 38 38 38 38 38 38 38 38 38 38 38 38 38 38 38 38 38 38 38 38 38 38 38 38 38 38 38 38 38 38 38 38 38 38 38 38 38 38 38 38 38 38 38 38 38 38 38 38 38 38 38 38 38 38 38 38 38 38 38 38 38 38 38 38 38 38 38 38 38 38 38 38 38 38 38 38 38 38 38 38 38 38 38 38 38 38 38 38 38 38 38 38 38 38 38 38 38 38 38 38 38 38 38 38 38 38 38 38 38 38 38 38 38 38 38 38 38 38 38 38 38 38 38 38 38 38 38 38 38 38 38 38 38 38 38 38 38 38 38 38 38 38 38 38 38 38 38 38 38 38 38 38 38 38 38 38 38 38 38 38 38 38 38 38 37 
Case #12: 313669
4613 4613 4613 4613 4613 4613 4613 4613 4613 4613 4613 4613 4613 4613 4613 4613 4613 4613 4613 4613 4613 4613 4613 4613 4613 4613 4613 4613 4613 4613 4613 4613 4613 4613 4613 4613 4613 4613 4613 4613 4613 4613 4613 4613 4613 4613 4613 4613 4613 4613 4613 4613 4613 4613 4613 4613 4613 4613 4613 4613 4613 4613 4613 4613 4610 4609 4609 4609 
Case #13: 4
2 2 0 
Case #14: 998001
999 999 999 999 999 999 999 999 999 999 999 999 999 999 999 999 999 999 999 999 999 999 999 999 999 999 999 999 999 999 999 999 999 999 999 999 999 999 999 999 999 999 999 999 999 999 999 999 999 999 999 999 999 999 999 999 999 999 999 999 999 999 999 999 999 999 999 999 999 999 999 999 999 999 999 999 999 999 999 999 999 999 999 999 999 999 999 999 999 999 999 999 999 999 999 999 999 999 999 999 999 999 999 999 999 999 999 999 999 999 999 999 999 999 999 999 999 999 999 999 999 999 999 999 999 999 999 999 999 999 999 999 999 999 999 999 999 999 999 999 999 999 999 999 999 999 999 999 999 999 999 999 999 999 999 999 999 999 999 999 999 999 999 999 999 999 999 999 999 999 999 999 999 999 999 999 999 999 999 999 999 999 999 999 999 999 999 999 999 999 999 999 999 999 999 999 999 999 999 999 999 999 999 999 999 999 999 999 999 999 999 999 999 999 999 999 999 999 999 999 999 999 999 999 999 999 999 999 999 999 999 999 999 999 999 999 999 999 999 999 999 999 999 999 999 999 999 999 999 999 999 999 999 999 999 999 999 999 999 999 999 999 999 999 999 999 999 999 999 999 999 999 999 999 999 999 999 999 999 999 999 999 999 999 999 999 999 999 999 999 999 999 999 999 999 999 999 999 999 999 999 999 999 999 999 999 999 999 999 999 999 999 999 999 999 999 999 999 999 999 999 999 999 999 999 999 999 999 999 999 999 999 999 999 999 999 999 999 999 999 999 999 999 999 999 999 999 999 999 999 999 999 999 999 999 999 999 999 999 999 999 999 999 999 999 999 999 999 999 999 999 999 999 999 999 999 999 999 999 999 999 999 999 999 999 999 999 999 999 999 999 999 999 999 999 999 999 999 999 999 999 999 999 999 999 999 999 999 999 999 999 999 999 999 999 999 999 999 999 999 999 999 999 999 999 999 999 999 999 999 999 999 999 999 999 999 999 999 999 999 999 999 999 999 999 999 999 999 999 999 999 999 999 999 999 999 999 999 999 999 999 999 999 999 999 999 999 999 999 999 999 999 999 999 999 999 999 999 999 999 999 999 999 999 999 999 999 999 999 999 999 999 999 999 999 999 999 999 999 999 999 999 999 999 999 999 999 999 999 999 999 999 999 999 999 999 999 999 999 999 999 999 999 999 999 999 999 999 999 999 999 999 999 999 999 999 999 999 999 999 999 999 999 999 999 999 999 999 999 999 999 999 999 999 999 999 999 999 999 999 999 999 999 999 999 999 999 999 999 999 999 999 999 999 999 999 999 999 999 999 999 999 999 999 999 999 999 999 999 999 999 999 999 999 999 999 999 999 999 999 999 999 999 999 999 999 999 999 999 999 999 999 999 999 999 999 999 999 999 999 999 999 999 999 999 999 999 999 999 999 999 999 999 999 999 999 999 999 999 999 999 999 999 999 999 999 999 999 999 999 999 999 999 999 999 999 999 999 999 999 999 999 999 999 999 999 999 999 999 999 999 999 999 999 999 999 999 999 999 999 999 999 999 999 999 999 999 999 999 999 999 999 999 999 999 999 999 999 999 999 999 999 999 999 999 999 999 999 999 999 999 999 999 999 999 999 999 999 999 999 999 999 999 999 999 999 999 999 999 999 999 999 999 999 999 999 999 999 999 999 999 999 999 999 999 999 999 999 999 999 999 999 999 999 999 999 999 999 999 999 999 999 999 999 999 999 999 999 999 999 999 999 999 999 999 999 999 999 999 999 999 999 999 999 999 999 999 999 999 999 999 999 999 999 999 999 999 999 999 999 999 999 999 999 999 999 999 999 999 999 999 999 999 999 999 999 999 999 999 999 999 999 999 999 999 999 999 999 999 999 999 999 999 999 999 999 999 999 999 999 999 999 999 999 999 999 999 999 999 999 999 999 999 999 999 999 999 999 999 999 999 999 999 999 999 999 999 999 999 999 999 999 999 999 999 999 999 999 999 999 999 999 999 999 999 999 999 999 999 999 999 999 999 999 999 999 999 999 999 999 999 999 999 999 999 999 999 999 999 999 999 999 999 999 999 999 999 999 999 999 999 999 999 999 999 999 999 999 999 999 999 999 999 999 999 999 999 999 999 999 999 999 999 999 999 999 999 999 999 999 999 999 999 999 999 999 999 999 999 999 999 999 999 999 999 999 999 999 999 999 999 999 999 999 999 999 999 999 999 999 999 999 999 999 999 999 999 999 999 999 999 999 999 999 999 999 999 999 999 0 
Case #15: 19639
179 179 179 179 179 179 179 179 179 179 179 179 179 179 179 179 179 179 179 179 179 179 179 179 179 179 179 179 179 179 179 179 179 179 179 179 179 179 179 179 179 179 179 179 179 179 179 179 179 179 179 179 179 179 179 179 179 179 179 178 178 178 178 178 178 178 178 178 178 178 178 178 178 178 178 178 178 178 178 178 178 178 178 178 178 178 178 178 178 178 178 178 178 178 178 178 178 178 178 178 178 178 178 178 178 178 178 178 178 178 
Case #16: 24
1 1 1 1 1 1 1 1 1 1 1 1 1 1 1 1 1 1 1 1 1 1 1 1 0 0 0 0 0 0 0 0 0 0 0 0 0 0 0 0 0 0 0 0 0 0 0 0 0 0 0 0 0 0 0 0 0 0 0 0 0 0 0 0 0 0 0 0 0 0 0 0 0 0 0 0 0 0 0 0 0 0 0 0 0 0 0 0 0 0 0 0 0 0 0 0 0 0 0 0 0 0 0 0 0 0 0 0 0 0 0 0 0 0 0 0 0 0 0 0 0 0 0 0 0 0 0 0 0 0 0 0 0 0 0 0 0 0 0 0 0 0 0 0 0 0 0 0 0 0 0 0 0 0 0 0 0 0 0 0 0 0 0 0 0 0 0 0 0 0 0 0 0 0 0 0 0 0 0 0 0 0 0 0 0 0 0 0 0 0 0 0 0 0 0 0 0 0 0 0 0 0 0 0 0 0 0 0 0 0 0 0 0 0 0 0 0 0 0 0 0 0 0 0 0 0 0 0 0 0 0 0 0 0 0 0 0 0 0 0 0 0 0 0 0 0 0 0 0 0 0 0 0 0 0 0 0 0 0 0 0 0 0 0 0 0 0 0 0 0 0 0 0 0 0 0 0 0 0 0 0 0 0 0 0 0 0 0 0 0 0 0 0 0 0 0 0 0 0 0 0 0 0 0 0 0 0 0 0 0 0 0 0 0 0 
Case #17: 813581
5611 5611 5611 5611 5611 5611 5611 5611 5611 5611 5611 5611 5611 5611 5611 5611 5611 5611 5611 5611 5611 5611 5611 5611 5611 5611 5611 5611 5611 5611 5611 5611 5611 5611 5611 5611 5611 5611 5611 5611 5611 5611 5611 5611 5611 5611 5611 5611 5611 5611 5611 5611 5611 5611 5611 5611 5611 5611 5611 5611 5611 5611 5611 5611 5611 5611 5611 5611 5611 5611 5611 5611 5611 5611 5611 5611 5611 5611 5611 5611 5611 5611 5611 5611 5611 5611 5611 5611 5611 5611 5611 5611 5611 5611 5611 5611 5611 5611 5611 5611 5611 5611 5611 5611 5611 5611 5611 5611 5611 5611 5611 5611 5611 5611 5611 5611 5611 5611 5611 5611 5611 5611 5611 5611 5611 5611 5611 5611 5611 5611 5611 5610 5610 5610 5610 5610 5610 5610 5610 5610 5610 5610 5610 5610 5610 
Case #18: 34118654
598573 598573 598573 598573 598573 598573 598573 598573 598573 598573 598573 598573 598573 598573 598573 598573 598573 598573 598573 598573 598573 598573 598573 598573 598573 598573 598573 598573 598573 598573 598573 598573 598573 598573 598573 598573 598573 598573 598573 598573 598573 598573 598573 598573 598573 598573 598573 598573 598573 598573 598572 598572 598572 598572 598572 598572 598572 
Case #19: 1
1 0 0 0 0 0 0 0 0 0 0 0 0 0 0 0 0 0 0 0 0 0 0 0 0 0 0 0 0 0 0 0 0 0 0 0 0 0 0 0 0 0 0 0 0 0 0 0 0 0 0 0 0 0 0 0 0 0 0 0 0 0 0 0 0 0 0 0 0 0 0 0 0 0 0 0 0 0 0 0 0 0 0 0 0 0 0 0 0 0 0 0 0 0 0 0 0 0 0 0 0 0 0 0 0 0 0 0 0 0 0 
Case #20: 26
1 1 1 1 1 1 1 1 1 1 1 1 1 1 1 1 1 1 1 1 1 1 1 1 1 1 0 0 0 0 0 0 0 0 0 0 0 0 0 0 0 0 0 0 0 0 0 0 0 0 0 0 0 0 0 0 0 0 0 0 0 0 0 0 0 0 0 0 0 0 0 0 0 0 0 0 0 0 0 0 0 0 0 0 0 0 0 0 0 0 0 0 0 0 0 0 0 0 0 0 0 0 0 0 0 0 0 0 0 0 0 0 0 0 0 0 0 0 0 0 0 0 0 0 0 0 0 0 0 0 0 0 0 0 0 0 0 0 0 0 0 0 0 0 0 0 0 0 0 0 0 0 0 0 0 0 0 0 0 0 0 0 0 0 0 0 0 0 0 0 0 0 0 0 0 0 0 0 0 0 0 0 0 0 0 0 0 0 0 0 0 0 0 0 0 0 0 0 0 0 0 0 0 0 0 0 0 0 0 0 0 0 0 0 0 0 0 0 0 0 0 0 0 0 0 0 0 0 0 0 0 0 0 0 0 0 0 0 0 0 0 0 0 0 0 0 0 0 0 0 0 0 0 0 0 0 0 0 0 0 0 0 0 0 0 0 0 0 0 0 0 0 0 0 0 0 0 0 0 0 0 0 0 0 0 0 0 0 0 0 0 0 0 0 0 0 0 0 0 0 0 0 0 0 0 0 0 0 0 0 0 0 0 0 0 0 0 0 0 0 0 0 0 0 0 0 0 
Case #21: 2
1 1 0 0 0 0 0 0 0 0 0 0 0 0 0 0 0 0 0 0 0 0 0 0 0 0 0 0 0 0 0 0 0 0 0 0 0 0 0 0 0 0 0 0 0 0 0 0 0 0 0 0 0 0 0 0 0 0 0 0 0 0 0 0 0 0 0 0 0 0 0 0 0 0 0 0 0 0 0 0 0 0 0 0 0 0 0 0 0 0 0 0 0 0 0 0 0 0 0 0 0 0 0 0 0 0 0 0 0 0 0 0 0 0 0 0 0 0 0 0 0 0 0 0 0 0 0 0 0 0 0 0 0 0 0 0 0 0 0 0 0 0 
Case #22: 2
2 0 0 0 0 0 0 0 0 0 0 0 0 0 0 0 0 0 0 0 0 0 0 0 0 0 0 0 0 0 0 0 0 0 0 0 0 0 0 0 0 0 0 0 0 0 0 0 0 0 0 0 0 0 0 0 0 0 0 0 0 0 0 0 0 0 0 0 0 0 0 0 0 0 0 0 0 0 0 0 0 0 0 0 0 0 0 0 0 0 0 0 0 0 0 0 0 0 0 0 0 0 0 0 0 0 0 0 0 0 0 0 0 0 0 0 0 0 0 0 0 0 0 0 0 0 0 0 0 0 0 0 0 0 0 0 0 0 0 0 0 0 0 0 0 0 0 0 0 0 0 0 0 0 0 0 0 0 0 0 0 0 0 0 0 0 0 0 
Case #23: 37
6 6 6 5 5 5 4 
Case #24: 7
4 3 0 
Case #25: 1921077
2186 2186 2186 2186 2186 2186 2186 2186 2186 2186 2186 2186 2186 2186 2186 2186 2186 2186 2186 2186 2186 2186 2186 2186 2186 2186 2186 2186 2186 2186 2186 2186 2186 2186 2186 2186 2186 2186 2186 2186 2186 2186 2186 2186 2186 2186 2186 2186 2186 2186 2186 2186 2186 2186 2186 2186 2186 2186 2186 2186 2186 2186 2186 2186 2186 2186 2186 2186 2186 2186 2186 2186 2186 2186 2186 2186 2186 2186 2186 2186 2186 2186 2186 2186 2186 2186 2186 2186 2186 2186 2186 2186 2186 2186 2186 2186 2186 2186 2186 2186 2186 2186 2186 2186 2186 2186 2186 2186 2186 2186 2186 2186 2186 2186 2186 2186 2186 2186 2186 2186 2186 2186 2186 2186 2186 2186 2186 2186 2186 2186 2186 2186 2186 2186 2186 2186 2186 2186 2186 2186 2186 2186 2186 2186 2186 2186 2186 2186 2186 2186 2186 2186 2186 2186 2186 2186 2186 2186 2186 2186 2186 2186 2186 2186 2186 2186 2186 2186 2186 2186 2186 2186 2186 2186 2186 2186 2186 2186 2186 2186 2186 2186 2186 2186 2186 2186 2186 2186 2186 2186 2186 2186 2186 2186 2186 2186 2186 2186 2186 2186 2186 2186 2186 2186 2186 2186 2186 2186 2186 2186 2186 2186 2186 2186 2186 2186 2186 2186 2186 2186 2186 2186 2186 2186 2186 2186 2186 2186 2186 2186 2186 2186 2186 2186 2186 2186 2186 2186 2186 2186 2186 2186 2186 2186 2186 2186 2186 2186 2186 2186 2186 2186 2186 2186 2186 2186 2186 2186 2186 2186 2186 2186 2186 2186 2186 2186 2186 2186 2186 2186 2186 2186 2186 2186 2186 2186 2186 2186 2186 2186 2186 2186 2186 2186 2186 2186 2186 2186 2186 2186 2186 2186 2186 2186 2186 2186 2186 2186 2186 2186 2186 2186 2186 2186 2186 2186 2186 2186 2186 2186 2186 2186 2186 2186 2186 2186 2186 2186 2186 2186 2186 2186 2186 2186 2186 2186 2186 2186 2186 2186 2186 2186 2186 2186 2186 2186 2186 2186 2186 2186 2186 2186 2186 2186 2186 2186 2186 2186 2186 2186 2186 2186 2186 2186 2186 2186 2186 2186 2186 2186 2186 2186 2186 2186 2186 2186 2186 2186 2186 2186 2186 2186 2186 2186 2186 2186 2186 2186 2186 2186 2186 2186 2186 2186 2186 2186 2186 2186 2186 2186 2186 2186 2186 2186 2186 2186 2186 2186 2186 2186 2186 2186 2186 2186 2186 2186 2186 2186 2186 2186 2186 2186 2186 2186 2186 2186 2186 2186 2186 2186 2186 2186 2186 2186 2186 2186 2186 2186 2186 2186 2186 2186 2186 2186 2186 2186 2186 2186 2186 2186 2186 2186 2186 2186 2186 2186 2186 2186 2186 2186 2186 2186 2186 2186 2186 2186 2186 2186 2186 2186 2186 2186 2186 2186 2186 2186 2186 2186 2186 2186 2186 2186 2186 2186 2186 2186 2186 2186 2186 2186 2186 2186 2186 2186 2186 2186 2186 2186 2186 2186 2186 2186 2186 2186 2186 2186 2186 2186 2186 2186 2186 2186 2186 2186 2186 2186 2186 2186 2186 2186 2186 2186 2186 2186 2186 2186 2186 2186 2186 2186 2186 2186 2186 2186 2186 2186 2186 2186 2186 2186 2186 2186 2186 2186 2186 2186 2186 2186 2186 2186 2186 2186 2186 2186 2186 2186 2186 2186 2186 2186 2186 2186 2186 2186 2186 2186 2186 2186 2186 2186 2186 2186 2186 2186 2186 2186 2186 2186 2186 2186 2186 2186 2186 2186 2186 2186 2186 2186 2186 2186 2186 2186 2186 2186 2186 2186 2186 2186 2186 2186 2186 2186 2186 2186 2186 2186 2186 2186 2186 2186 2186 2186 2186 2186 2186 2186 2186 2186 2186 2186 2186 2186 2186 2186 2186 2186 2186 2186 2186 2186 2186 2186 2186 2186 2186 2186 2186 2186 2186 2186 2186 2186 2186 2186 2186 2186 2186 2186 2186 2186 2186 2186 2186 2186 2186 2186 2186 2186 2186 2186 2186 2186 2186 2186 2186 2186 2186 2186 2186 2186 2186 2186 2186 2186 2186 2186 2186 2186 2186 2186 2186 2186 2186 2186 2186 2186 2186 2186 2186 2186 2186 2186 2186 2186 2186 2186 2186 2186 2186 2186 2186 2186 2186 2186 2186 2186 2186 2186 2186 2186 2186 2186 2186 2186 2186 2186 2186 2186 2186 2186 2186 2186 2186 2186 2186 2186 2186 2186 2186 2186 2186 2186 2186 2186 2186 2186 2186 2186 2186 2186 2186 2186 2186 2186 2186 2186 2186 2186 2186 2186 2186 2186 2186 2186 2186 2186 2186 2186 2186 2186 2186 2186 2186 2186 2186 2186 2186 2186 2186 2186 2186 2186 2186 2186 2186 2186 2186 2186 2186 2186 2186 2186 2186 2186 2186 2186 2186 2186 2186 2186 2186 2186 2186 2186 2186 2186 2186 2186 2186 2186 2186 2186 2186 2186 2186 2186 2186 2186 2186 2186 2186 2186 2186 2186 2186 2186 2186 2186 2186 2186 2186 2186 2186 2186 2186 2186 2186 2186 2186 2186 2186 2186 2186 2186 2186 2186 2186 2186 2186 2186 2186 2186 2186 2186 2186 2186 2186 2186 2186 2186 2186 2186 2186 2186 2186 2186 2186 2186 2186 2186 2186 2186 2186 2186 2186 2186 2186 2186 2186 2186 2186 2186 2186 2186 2186 2186 2186 2186 2186 2186 2186 2186 2186 2186 2186 2186 2047 2047 2047 0 
Case #26: 6934581
75376 75376 75376 75376 75376 75376 75376 75376 75376 75376 75376 75376 75376 75376 75376 75376 75376 75376 75376 75376 75376 75376 75376 75376 75376 75376 75376 75376 75376 75376 75376 75376 75376 75376 75376 75376 75376 75376 75376 75376 75376 75376 75376 75376 75376 75376 75376 75376 75376 75376 75376 75376 75376 75376 75376 75376 75376 75376 75376 75376 75376 75376 75376 75376 75376 75376 75376 75376 75376 75376 75376 75376 75376 75376 75376 75376 75376 75376 75376 75376 75376 75376 75375 75375 75375 75375 75375 75375 75375 75375 75375 75374 
Case #27: 128150
145 145 145 145 145 145 145 145 145 145 145 145 145 145 145 145 145 145 145 145 145 145 145 145 145 145 145 145 145 145 145 145 145 145 145 145 145 145 145 145 145 145 145 145 145 145 145 145 145 145 145 145 145 145 145 145 145 145 145 145 145 145 145 145 145 145 145 145 145 145 145 145 145 145 145 145 145 145 145 145 145 145 145 145 145 145 145 145 145 145 145 145 145 145 145 145 145 145 145 145 145 145 145 145 145 145 145 145 145 145 145 145 145 145 145 145 145 145 145 145 145 145 145 145 145 145 145 145 145 145 145 145 145 145 145 145 145 145 145 145 145 145 145 145 145 145 145 145 145 145 145 145 145 145 145 145 145 145 145 145 145 145 145 145 145 145 145 145 145 145 145 145 145 145 145 145 145 145 145 145 145 145 145 145 145 145 145 145 145 145 145 145 145 145 145 145 145 145 145 145 145 145 145 145 145 145 145 145 145 145 145 145 145 145 145 145 145 145 145 145 145 145 145 145 145 145 145 145 145 145 145 145 145 145 145 145 145 145 145 145 145 145 145 145 145 145 145 145 145 145 145 145 145 145 145 145 145 145 145 145 145 145 145 145 145 145 145 145 145 145 145 145 145 145 145 145 145 145 145 145 145 145 145 145 145 145 145 145 145 145 145 145 145 145 145 145 145 145 145 145 145 145 145 145 145 145 145 145 145 145 145 145 145 145 145 145 145 145 145 145 145 145 145 145 145 145 145 145 145 145 145 145 145 145 145 145 145 145 145 145 145 145 145 145 145 145 145 145 145 145 145 145 145 145 145 145 145 145 145 145 145 145 145 145 145 145 145 145 145 145 145 145 145 145 145 145 145 145 145 145 145 145 145 145 145 145 145 145 145 145 145 145 145 145 145 145 145 145 145 145 145 145 145 145 145 145 145 145 145 145 145 145 145 145 145 145 145 145 145 145 145 145 145 145 145 145 145 145 145 145 145 145 145 145 145 145 145 145 145 145 145 145 145 145 145 145 145 145 145 145 145 145 145 145 145 145 145 145 145 145 145 145 145 145 145 145 145 145 145 145 145 145 145 145 145 145 145 145 145 145 145 145 145 145 145 145 145 145 145 145 145 145 145 145 145 145 145 145 145 145 145 145 145 145 145 145 145 145 145 145 145 145 145 145 145 145 145 145 145 145 145 145 145 145 145 145 145 145 145 145 145 145 145 145 145 145 145 145 145 145 145 145 145 145 145 145 145 145 145 145 145 145 145 145 145 145 145 145 145 145 145 145 145 145 145 145 145 145 145 145 145 145 145 145 145 145 145 145 145 145 145 145 145 145 145 145 145 145 145 145 145 145 145 145 145 145 145 145 145 145 145 145 145 145 145 145 145 145 145 145 145 145 145 145 145 145 145 145 145 145 145 145 145 145 145 145 145 145 145 145 145 145 145 145 145 145 145 145 145 145 145 145 145 145 145 145 145 145 145 145 145 145 145 145 145 145 145 145 145 145 145 145 145 145 145 145 145 145 145 145 145 145 145 145 145 145 145 145 145 145 145 145 145 145 145 145 145 145 145 145 145 145 145 145 145 145 145 145 145 145 145 145 145 145 145 145 145 145 145 145 145 145 145 145 145 145 145 145 145 145 145 145 145 145 145 145 145 145 145 145 145 145 145 145 145 145 145 145 145 145 145 145 145 145 145 145 145 145 145 145 145 145 145 145 145 145 145 145 145 145 145 145 145 145 145 145 145 145 145 145 145 145 145 145 145 145 145 145 145 145 145 145 145 145 145 145 145 145 145 145 145 145 145 145 145 145 145 145 145 145 145 145 145 145 145 145 145 145 145 145 145 145 145 145 145 145 145 145 145 145 145 145 145 145 145 145 145 145 145 145 145 145 145 145 145 145 145 145 145 145 145 145 145 145 145 145 145 145 145 145 145 145 145 145 145 145 145 145 145 145 145 145 145 145 145 145 145 145 145 145 145 145 145 145 145 145 145 144 144 144 144 144 144 61 60 
Case #28: 2869444
6307 6307 6307 6307 6307 6307 6307 6307 6307 6307 6307 6307 6307 6307 6307 6307 6307 6307 6307 6307 6307 6307 6307 6307 6307 6307 6307 6307 6307 6307 6307 6307 6307 6307 6307 6307 6307 6307 6307 6307 6307 6307 6307 6307 6307 6307 6307 6307 6307 6307 6307 6307 6307 6307 6307 6307 6307 6307 6307 6307 6307 6307 6307 6307 6307 6307 6307 6307 6307 6307 6307 6307 6307 6307 6307 6307 6307 6307 6307 6307 6307 6307 6307 6307 6307 6307 6307 6307 6307 6307 6307 6307 6307 6307 6307 6307 6307 6307 6307 6307 6307 6307 6307 6307 6307 6307 6307 6307 6307 6307 6307 6307 6307 6307 6307 6307 6307 6307 6307 6307 6307 6307 6307 6307 6307 6307 6307 6307 6307 6307 6307 6307 6307 6307 6307 6307 6307 6307 6307 6307 6307 6307 6307 6307 6307 6307 6307 6307 6307 6307 6307 6307 6307 6307 6307 6307 6307 6307 6307 6307 6307 6307 6307 6307 6307 6307 6307 6307 6307 6307 6307 6307 6307 6307 6307 6307 6307 6307 6307 6307 6307 6307 6307 6307 6307 6307 6307 6307 6307 6307 6307 6307 6307 6307 6307 6307 6307 6307 6307 6307 6307 6307 6307 6307 6307 6307 6307 6307 6307 6307 6307 6307 6307 6307 6306 6306 6306 6306 6306 6306 6306 6306 6306 6306 6306 6306 6306 6306 6306 6306 6306 6306 6306 6306 6306 6306 6306 6306 6306 6306 6306 6306 6306 6306 6306 6306 6306 6306 6306 6306 6306 6306 6306 6306 6306 6306 6306 6306 6306 6306 6306 6306 6306 6306 6306 6306 6306 6306 6306 6306 6306 6306 6306 6306 6306 6306 6306 6306 6306 6306 6306 6306 6306 6306 6306 6306 6306 6306 6306 6306 6306 6306 6306 6306 6306 6306 6306 6306 6306 6306 6306 6306 6306 6306 6306 6306 6306 6306 6306 6306 6306 6306 6306 6306 6306 6306 6306 6306 6306 6306 6306 6306 6306 6306 6306 6306 6306 6306 6306 6306 6306 6306 6306 6306 6306 6306 6306 6306 6306 6306 6306 6306 6306 6306 6306 6306 6306 6306 6306 6306 6306 6306 6306 6306 6306 6306 6306 6306 6306 6306 6306 6306 6306 6306 6306 6306 6306 6306 6306 6306 6306 6306 6306 6306 6306 6306 6306 6306 6306 6306 6306 6306 6306 6306 6306 6306 6306 6306 6306 6306 6306 6306 6306 6306 6306 6306 6306 6306 6306 6306 6306 6306 6306 6306 6306 6306 6306 6306 6306 6306 6306 6306 6306 6306 6306 6306 6306 6306 6306 6306 6306 6306 6306 6306 6306 6306 6306 6306 6306 6306 6306 6306 6306 6306 6306 6306 6306 6306 6306 6306 6306 6306 6306 6306 6306 6306 6306 6306 6306 6306 6306 6306 6306 6306 6306 
Case #29: 307434108
1436608 1436608 1436608 1436608 1436608 1436608 1436608 1436608 1436608 1436608 1436608 1436608 1436608 1436608 1436608 1436608 1436608 1436608 1436608 1436608 1436608 1436608 1436608 1436608 1436608 1436608 1436608 1436608 1436608 1436608 1436608 1436608 1436608 1436608 1436608 1436608 1436608 1436608 1436608 1436608 1436608 1436608 1436608 1436608 1436608 1436608 1436608 1436608 1436608 1436608 1436608 1436608 1436608 1436608 1436608 1436608 1436608 1436608 1436608 1436608 1436608 1436608 1436608 1436608 1436608 1436608 1436608 1436608 1436608 1436608 1436608 1436608 1436608 1436608 1436608 1436608 1436608 1436608 1436608 1436608 1436608 1436608 1436608 1436608 1436608 1436608 1436608 1436608 1436608 1436608 1436608 1436608 1436608 1436608 1436608 1436608 1436608 1436608 1436608 1436608 1436608 1436608 1436608 1436608 1436608 1436608 1436608 1436608 1436608 1436608 1436608 1436608 1436608 1436608 1436608 1436608 1436608 1436608 1436608 1436608 1436608 1436608 1436608 1436608 1436608 1436608 1436608 1436608 1436608 1436608 1436608 1436608 1436608 1436608 1436608 1436608 1436608 1436608 1436608 1436608 1436608 1436608 1436608 1436608 1436608 1436608 1436608 1436608 1436608 1436608 1436608 1436608 1436608 1436608 1436608 1436608 1436608 1436608 1436608 1436608 1436608 1436608 1436608 1436608 1436608 1436608 1436608 1436608 1436608 1436608 1436608 1436608 1436608 1436608 1436608 1436608 1436608 1436608 1436608 1436608 1436608 1436608 1436608 1436608 1436608 1436608 1436608 1436608 1436608 1436608 1436608 1436608 1436608 1436608 1436608 1436608 1436608 1436608 1436608 1436608 1436608 1436608 1436608 1436608 1436608 1436608 1436608 1436608 1436608 1436608 1436608 1436608 1436606 1436606 0 0 0 0 0 
Case #30: 324537
10818 10818 10818 10818 10818 10818 10818 10818 10818 10818 10818 10818 10818 10818 10818 10818 10818 10818 10818 10818 10818 10818 10818 10818 10818 10818 10818 10817 10817 10817 0 
Case #31: 29551
896 896 896 896 896 896 896 896 896 896 896 896 896 896 896 896 895 895 895 895 895 895 895 895 895 895 895 895 895 895 895 895 895 0 0 0 
Case #32: 109291858
114202 114202 114202 114202 114202 114202 114202 114202 114202 114202 114202 114202 114202 114202 114202 114202 114202 114202 114202 114202 114202 114202 114202 114202 114202 114202 114202 114202 114202 114202 114202 114202 114202 114202 114202 114202 114202 114202 114202 114202 114202 114202 114202 114202 114202 114202 114202 114202 114202 114202 114202 114202 114202 114202 114202 114202 114202 114202 114202 114202 114202 114202 114202 114202 114202 114202 114202 114202 114202 114202 114202 114202 114202 114202 114202 114202 114202 114202 114202 114202 114202 114202 114202 114202 114202 114202 114202 114202 114202 114202 114202 114202 114202 114202 114202 114202 114202 114202 114202 114202 114202 114202 114202 114202 114202 114202 114202 114202 114202 114202 114202 114202 114202 114202 114202 114202 114202 114202 114202 114202 114202 114202 114202 114202 114202 114202 114202 114202 114202 114202 114202 114202 114202 114202 114202 114202 114202 114202 114202 114202 114202 114202 114202 114202 114202 114202 114202 114202 114202 114202 114202 114202 114202 114202 114202 114202 114202 114202 114202 114202 114202 114202 114202 114202 114202 114202 114202 114202 114202 114202 114202 114202 114202 114202 114202 114202 114202 114202 114202 114202 114202 114202 114202 114202 114202 114202 114202 114202 114202 114202 114202 114202 114202 114202 114202 114202 114202 114202 114202 114202 114202 114202 114202 114202 114202 114202 114202 114202 114202 114202 114202 114202 114202 114202 114202 114202 114202 114202 114202 114202 114202 114202 114202 114202 114202 114202 114202 114202 114202 114202 114202 114202 114202 114202 114202 114202 114202 114202 114202 114202 114202 114202 114202 114202 114202 114202 114202 114202 114202 114202 114202 114202 114202 114202 114202 114202 114202 114202 114202 114202 114202 114202 114202 114202 114202 114202 114202 114202 114202 114202 114202 114202 114202 114202 114202 114202 114202 114202 114202 114202 114202 114202 114202 114202 114202 114202 114202 114202 114202 114202 114202 114202 114202 114202 114202 114202 114202 114202 114202 114202 114202 114202 114202 114202 114202 114202 114202 114202 114202 114202 114202 114202 114202 114202 114202 114202 114202 114202 114202 114202 114202 114202 114202 114202 114202 114202 114202 114202 114202 114202 114202 114202 114202 114202 114202 114202 114202 114202 114202 114202 114202 114202 114202 114202 114202 114202 114202 114202 114202 114202 114202 114202 114202 114202 114202 114202 114202 114202 114202 114202 114202 114202 114202 114202 114202 114202 114202 114202 114202 114202 114202 114202 114202 114202 114202 114202 114202 114202 114202 114202 114202 114202 114202 114202 114202 114202 114202 114202 114202 114202 114202 114202 114202 114202 114202 114202 114202 114202 114202 114202 114202 114202 114202 114202 114202 114202 114202 114202 114202 114202 114202 114202 114202 114202 114202 114202 114202 114202 114202 114202 114202 114202 114202 114202 114202 114202 114202 114202 114202 114202 114202 114202 114202 114202 114202 114202 114202 114202 114202 114202 114202 114202 114202 114202 114202 114202 114202 114202 114202 114202 114202 114202 114202 114202 114202 114202 114202 114202 114202 114202 114202 114202 114202 114202 114202 114202 114202 114202 114202 114202 114202 114202 114202 114202 114202 114202 114202 114202 114202 114202 114202 114202 114202 114202 114202 114202 114202 114202 114202 114202 114202 114202 114202 114202 114202 114202 114202 114202 114202 114202 114202 114202 114202 114202 114202 114202 114202 114202 114202 114202 114202 114202 114202 114202 114202 114202 114202 114202 114202 114202 114202 114202 114202 114202 114202 114202 114202 114202 114202 114202 114202 114202 114202 114202 114202 114202 114202 114202 114202 114202 114202 114202 114202 114202 114202 114202 114202 114202 114202 114202 114202 114202 114202 114202 114202 114202 114202 114202 114202 114202 114202 114202 114202 114202 114202 114202 114202 114202 114202 114202 114202 114202 114202 114202 114202 114202 114202 114202 114202 114202 114202 114202 114202 114202 114202 114202 114202 114202 114202 114202 114202 114202 114202 114202 114202 114202 114202 114202 114202 114202 114202 114202 114202 114202 114202 114202 114202 114202 114202 114202 114202 114202 114202 114202 114202 114202 114202 114202 114202 114202 114202 114202 114202 114202 114202 114202 114202 114202 114202 114202 114202 114202 114202 114202 114202 114202 114202 114202 114202 114202 114202 114202 114202 114202 114202 114202 114202 114202 114202 114202 114202 114202 114202 114202 114202 114202 114202 114202 114202 114202 114202 114202 114202 114202 114202 114202 114202 114202 114202 114202 114202 114202 114202 114202 114202 114202 114202 114202 114202 114202 114202 114202 114202 114202 114202 114202 114202 114202 114202 114202 114202 114202 114202 114202 114202 114202 114202 114202 114202 114202 114202 114202 114202 114202 114202 114202 114202 114202 114202 114202 114202 114202 114202 114202 114202 114202 114202 114202 114202 114202 114202 114202 114202 114202 114202 114202 114202 114202 114202 114202 114202 114202 114202 114202 114202 114202 114202 114202 114202 114202 114202 114202 114202 114202 114202 114202 114202 114202 114202 114202 114202 114202 114202 114202 114202 114202 114202 114202 114202 114202 114202 114202 114202 114202 114202 114202 114202 114202 114202 114202 114202 114202 114202 114202 114202 114202 114202 114202 114202 114202 114202 114202 114202 114202 114202 114202 114202 114202 114202 114202 114202 114202 114202 114202 114202 114202 114202 114202 114202 114202 114202 114202 114202 114202 114202 114202 114202 114202 114202 114202 114202 114202 114202 114202 114202 114202 114202 114202 114202 114202 114202 114202 114202 114202 114202 114202 114202 114202 114202 114202 114202 114202 114202 114202 114202 114202 114202 114202 114202 114202 114202 114202 114202 114202 114202 114202 114202 114202 114202 114202 114202 114202 114202 114202 114202 114202 114202 114202 114202 114202 114202 114202 114202 114202 114202 114202 114202 114202 114202 114202 114202 114202 114202 114202 114202 114202 114202 114202 114202 114202 114202 114202 114202 114202 114202 114202 114202 114202 114202 114202 114202 114202 114202 114202 114202 114202 114202 114202 114202 114202 114202 114202 114202 114202 114202 114202 114202 114202 114202 114202 114202 114202 114202 114202 114202 114202 114202 114202 114202 114202 114202 114202 114202 114202 114202 114202 114202 114202 114202 114202 114202 114202 114202 114202 114202 114202 114202 114202 114202 114202 114202 114202 114202 114202 114202 114202 114202 114202 114202 114202 114202 114202 114202 114202 114202 114202 114202 544 
Case #33: 36023
81 81 81 81 81 81 81 81 81 81 81 81 81 81 81 81 81 81 81 81 81 81 81 81 81 81 81 81 81 81 81 81 81 81 81 81 81 81 81 81 81 81 81 81 81 81 81 81 81 81 81 81 81 81 81 81 81 81 81 81 81 81 81 81 81 81 81 81 81 81 81 81 81 81 81 81 81 81 81 81 81 81 81 81 81 81 81 81 81 81 81 81 81 81 81 81 81 81 81 81 81 81 81 81 81 81 81 81 81 81 81 81 81 81 81 81 81 81 81 81 81 81 81 81 81 81 81 81 81 81 81 81 81 81 81 81 81 81 81 81 81 81 81 81 81 81 81 81 81 81 81 81 81 81 81 81 81 81 81 81 81 81 81 81 81 81 81 81 81 81 81 81 81 81 81 81 81 81 81 81 81 81 81 81 81 81 81 81 81 81 81 81 81 81 81 81 81 81 81 81 81 81 81 81 81 81 81 81 81 81 81 81 81 81 81 81 81 81 81 81 81 81 81 81 81 81 81 81 81 81 81 81 81 81 81 81 81 81 81 81 81 81 81 81 81 81 81 81 81 81 81 81 81 81 81 81 81 81 81 81 81 81 81 80 80 80 80 80 80 80 80 80 80 80 80 80 80 80 80 80 80 80 80 80 80 80 80 80 80 80 80 80 80 80 80 80 80 80 80 80 80 80 80 80 80 80 80 80 80 80 80 80 80 80 80 80 80 80 80 80 80 80 80 80 80 80 80 80 80 80 80 80 80 80 80 80 80 80 80 80 80 80 80 80 80 80 80 80 80 80 80 80 80 80 80 80 80 80 80 80 80 80 80 80 80 80 80 80 80 80 80 80 80 80 80 80 80 80 80 80 80 80 80 80 80 80 80 80 80 80 80 80 80 80 80 80 80 80 80 80 80 80 80 80 80 80 80 80 80 80 80 80 80 80 80 80 80 80 80 80 80 80 80 80 80 80 80 80 80 80 80 80 80 80 80 80 80 80 80 80 80 80 80 80 80 80 80 
Case #34: 6401915
18774 18774 18774 18774 18774 18774 18774 18774 18774 18774 18774 18774 18774 18774 18774 18774 18774 18774 18774 18774 18774 18774 18774 18774 18774 18774 18774 18774 18774 18774 18774 18774 18774 18774 18774 18774 18774 18774 18774 18774 18774 18774 18774 18774 18774 18774 18774 18774 18774 18774 18774 18774 18774 18774 18774 18774 18774 18774 18774 18774 18774 18774 18774 18774 18774 18774 18774 18774 18774 18774 18774 18774 18774 18774 18774 18774 18774 18774 18774 18774 18774 18774 18774 18774 18774 18774 18774 18774 18774 18774 18774 18774 18774 18774 18774 18774 18774 18774 18774 18774 18774 18774 18774 18774 18774 18774 18774 18774 18774 18774 18774 18774 18774 18774 18774 18774 18774 18774 18774 18774 18774 18774 18774 18774 18774 18774 18774 18774 18774 18774 18774 18774 18774 18774 18774 18774 18774 18774 18774 18774 18774 18774 18774 18774 18774 18774 18774 18774 18774 18774 18774 18774 18774 18774 18774 18774 18774 18774 18774 18774 18774 18774 18774 18774 18774 18774 18774 18774 18774 18774 18774 18774 18774 18774 18774 18774 18774 18774 18774 18774 18774 18774 18774 18774 18774 18774 18774 18774 18774 18774 18774 18774 18774 18774 18774 18774 18774 18774 18774 18774 18774 18774 18774 18774 18774 18774 18774 18774 18774 18774 18774 18774 18774 18774 18774 18774 18774 18774 18774 18774 18774 18774 18774 18774 18774 18774 18774 18774 18774 18774 18774 18774 18774 18774 18774 18774 18774 18774 18774 18774 18774 18774 18774 18774 18774 18774 18774 18774 18774 18774 18774 18774 18774 18774 18774 18774 18774 18774 18774 18774 18774 18774 18774 18774 18774 18774 18774 18774 18774 18774 18774 18774 18774 18774 18774 18774 18774 18774 18774 18774 18774 18774 18774 18774 18774 18774 18774 18774 18774 18774 18774 18774 18774 18774 18774 18774 18774 18774 18774 18774 18774 18774 18774 18774 18774 18774 18774 18774 18774 18774 18774 18774 18774 18774 18774 18774 18774 18774 18774 18774 18774 18774 18774 18774 18774 18774 18774 18774 18774 18774 18774 18773 18772 18772 18772 18772 18772 18772 18772 18772 18772 
Case #35: 117193
2726 2726 2726 2726 2726 2726 2726 2726 2726 2726 2726 2726 2726 2726 2726 2726 2726 2726 2725 2725 2725 2725 2725 2725 2725 2725 2725 2725 2725 2725 2725 2725 2725 2725 2725 2725 2725 2725 2725 2725 2725 2725 2725 
Case #36: 6
1 1 1 1 1 1 0 0 0 0 0 0 0 0 0 0 0 0 0 0 0 0 0 0 0 0 0 0 0 0 0 0 0 0 0 0 0 0 0 0 0 0 0 0 0 0 0 0 0 0 0 0 0 0 0 0 0 0 0 0 0 0 0 0 0 0 0 0 0 0 0 0 0 0 0 0 0 0 0 0 0 0 0 0 0 0 0 0 0 0 0 0 0 0 0 0 0 0 0 0 0 0 0 0 0 0 0 0 0 0 0 0 0 0 0 0 0 0 0 0 0 0 0 0 0 0 0 0 0 0 0 0 0 0 0 0 0 0 0 0 0 0 0 0 0 0 0 0 0 0 0 0 0 0 0 0 0 0 0 0 0 0 0 0 0 0 0 0 0 0 0 0 0 0 0 0 0 0 0 0 0 0 0 0 0 0 0 0 0 0 0 0 0 0 0 0 0 0 0 0 0 0 0 0 0 0 0 0 0 0 0 0 0 0 0 0 0 0 0 0 0 0 0 0 0 0 0 0 0 0 0 0 0 0 0 0 0 0 0 0 0 0 0 0 0 0 0 0 0 0 0 0 0 0 0 0 0 0 0 0 0 0 0 0 0 0 0 0 0 0 0 0 0 0 0 0 0 0 0 0 0 0 0 0 0 0 0 0 0 0 0 0 0 0 0 0 0 0 0 0 0 0 0 0 0 0 0 0 0 0 0 0 0 0 0 0 0 0 0 0 0 0 0 0 0 0 0 0 0 0 0 0 0 0 0 0 0 0 0 0 0 0 0 0 0 0 0 0 0 0 0 0 0 0 0 0 0 0 0 0 0 0 0 0 0 0 0 0 0 0 0 0 0 0 0 0 0 0 0 0 0 0 0 0 0 0 0 0 0 0 0 0 0 0 0 0 0 0 0 0 0 0 0 0 0 0 0 0 0 0 0 0 0 0 0 0 0 0 0 0 0 0 0 0 0 0 0 0 0 0 0 0 0 0 0 0 0 0 0 0 0 0 0 0 0 0 0 0 0 0 0 0 0 0 0 0 0 0 0 0 0 0 0 0 0 0 0 0 0 0 0 0 0 0 0 0 0 0 0 0 0 0 0 0 0 0 0 0 0 0 0 0 0 0 0 0 0 0 0 0 0 0 0 0 0 0 0 0 0 0 0 0 0 0 0 0 0 0 0 0 0 0 0 0 0 0 0 0 0 0 0 0 0 0 0 0 0 0 0 0 0 0 0 0 0 0 0 0 0 0 0 0 0 0 0 0 0 0 0 0 0 0 0 0 0 0 0 0 0 0 0 0 0 0 0 0 0 0 0 0 0 0 0 0 0 0 0 0 0 0 0 0 0 0 0 0 0 0 0 0 0 0 0 0 0 0 0 0 0 0 0 0 0 0 0 0 0 0 0 0 0 0 0 0 0 0 0 0 0 0 0 0 0 0 0 0 0 0 0 0 0 0 0 0 0 0 0 0 0 0 0 0 0 0 0 0 0 0 0 0 0 0 0 0 0 0 0 0 0 0 0 0 0 0 0 0 0 0 0 0 0 0 0 0 0 0 0 0 0 0 0 0 0 0 0 0 0 0 0 0 0 0 0 0 0 0 0 0 0 0 0 0 0 0 0 0 0 0 0 0 0 0 0 0 0 0 0 0 0 0 0 0 0 0 0 0 0 0 0 0 0 0 0 0 0 0 0 0 0 0 0 0 0 0 0 0 0 0 0 0 0 0 0 0 0 0 0 0 0 0 0 0 0 0 0 0 0 0 0 0 0 0 0 0 0 0 0 0 0 0 0 0 0 0 0 0 0 0 0 0 0 0 0 0 0 0 0 0 0 0 0 0 0 0 0 0 0 0 0 0 0 0 0 0 0 0 0 0 0 0 0 0 0 0 0 0 0 0 0 0 0 0 0 0 0 0 0 0 0 0 0 0 0 0 0 0 0 0 0 0 0 0 0 0 0 0 0 0 0 0 0 0 0 0 0 0 0 0 0 0 0 0 0 0 0 0 0 0 0 0 0 0 0 0 0 0 0 0 0 0 0 0 0 0 0 0 0 0 0 0 0 0 0 0 0 0 0 0 0 0 0 0 0 0 0 0 0 0 0 0 0 0 0 0 0 0 0 0 0 0 0 0 0 0 0 0 0 0 0 0 0 0 0 0 0 0 0 0 0 0 0 0 0 0 0 0 0 0 0 0 0 0 0 0 0 0 0 0 0 0 0 0 0 0 0 0 0 0 0 0 0 0 0 0 0 0 0 0 0 0 
Case #37: 4686186
10391 10391 10391 10391 10391 10391 10391 10391 10391 10391 10391 10391 10391 10391 10391 10391 10391 10391 10391 10391 10391 10391 10391 10391 10391 10391 10391 10391 10391 10391 10391 10391 10391 10391 10391 10391 10391 10391 10391 10391 10391 10391 10391 10391 10391 10391 10391 10391 10391 10391 10391 10391 10391 10391 10391 10391 10391 10391 10391 10391 10391 10391 10391 10391 10391 10391 10391 10391 10391 10391 10391 10391 10391 10391 10391 10391 10391 10391 10391 10391 10391 10391 10391 10391 10391 10391 10391 10391 10391 10391 10391 10391 10391 10391 10391 10391 10391 10391 10391 10391 10391 10391 10391 10391 10391 10391 10391 10391 10391 10391 10391 10391 10391 10391 10391 10391 10391 10391 10391 10391 10391 10391 10391 10391 10391 10391 10391 10391 10391 10391 10391 10391 10391 10391 10391 10391 10391 10391 10391 10391 10391 10391 10391 10391 10391 10391 10391 10391 10391 10391 10391 10391 10391 10391 10391 10391 10391 10391 10391 10391 10391 10391 10391 10391 10391 10391 10391 10391 10391 10391 10391 10391 10391 10391 10391 10391 10391 10391 10391 10391 10391 10391 10391 10391 10391 10391 10391 10391 10391 10391 10391 10391 10391 10391 10391 10391 10391 10391 10391 10391 10391 10391 10391 10391 10391 10391 10391 10391 10391 10391 10391 10391 10391 10391 10391 10391 10391 10391 10391 10391 10391 10391 10391 10391 10391 10391 10391 10391 10391 10391 10391 10391 10391 10391 10391 10391 10391 10391 10391 10391 10391 10391 10391 10391 10391 10391 10391 10391 10391 10391 10391 10391 10391 10391 10391 10391 10391 10391 10391 10391 10391 10391 10391 10391 10391 10391 10391 10391 10391 10391 10391 10391 10391 10391 10391 10391 10391 10391 10391 10391 10391 10391 10391 10391 10391 10391 10391 10391 10391 10391 10391 10391 10391 10391 10391 10391 10391 10391 10391 10391 10391 10391 10391 10391 10391 10391 10391 10391 10391 10391 10391 10391 10391 10391 10391 10391 10391 10391 10391 10391 10391 10391 10391 10391 10391 10391 10391 10391 10391 10391 10391 10391 10391 10391 10391 10391 10391 10391 10391 10391 10391 10391 10391 10391 10391 10391 10391 10391 10391 10391 10391 10391 10391 10391 10391 10391 10391 10391 10391 10391 10391 10391 10391 10391 10391 10391 10391 10391 10391 10391 10391 10391 10391 10391 10391 10391 10391 10391 10391 10391 10391 10391 10391 10391 10391 10391 10391 10391 10391 10391 10391 10391 10391 10391 10391 10391 10391 10391 10391 10391 10391 10391 10391 10391 10391 10391 10391 10391 10391 10391 10391 10391 10391 10391 10391 10391 10391 10391 10391 10391 10391 10391 10391 10391 10391 10391 10391 10391 10391 10391 10391 10391 10391 10391 10391 10391 10391 10391 10391 10391 10391 10391 10391 10391 10391 10391 10391 10391 10391 10314 10313 
Case #38: 1125
3 3 3 3 3 3 3 3 3 3 3 3 3 3 3 3 3 3 3 3 3 3 3 3 3 3 3 3 3 3 3 3 3 3 3 3 3 3 3 3 3 3 3 3 3 3 3 3 3 3 3 3 3 3 3 3 3 3 3 3 3 3 3 3 3 3 3 3 3 3 3 3 3 3 3 3 3 3 3 3 3 3 3 3 3 3 3 3 3 3 3 3 3 3 3 3 3 3 3 3 3 3 3 3 3 3 3 3 3 3 3 3 3 3 3 3 3 3 3 3 3 3 3 3 3 3 3 3 3 3 3 3 3 3 3 3 3 3 3 3 3 3 3 3 3 3 3 3 3 3 3 3 3 3 3 3 3 3 3 3 3 3 3 3 3 3 3 3 3 3 3 3 3 3 3 3 3 3 3 3 3 3 3 3 3 3 3 3 3 3 3 3 3 3 3 3 3 3 3 3 3 3 3 3 3 3 3 3 3 3 3 2 2 2 2 2 2 2 2 2 2 2 2 2 2 2 2 2 2 2 2 2 2 2 2 2 2 2 2 2 2 2 2 2 2 2 2 2 2 2 2 2 2 2 2 2 2 2 2 2 2 2 2 2 2 2 2 2 2 2 2 2 2 2 2 2 2 2 2 2 2 2 2 2 2 2 2 2 2 2 2 2 2 2 2 2 2 2 2 2 2 2 2 2 2 2 2 2 2 2 2 2 2 2 2 2 2 2 2 2 2 2 2 2 2 2 2 2 2 2 2 2 2 2 2 2 2 2 2 2 2 2 2 2 2 2 2 2 2 2 2 2 2 2 2 2 2 2 2 2 2 2 2 2 2 2 2 2 2 2 2 2 2 2 2 2 2 2 2 2 2 2 2 2 2 2 2 2 2 2 2 2 2 2 2 2 2 2 2 2 2 2 2 2 2 2 2 2 2 2 2 2 2 2 2 2 2 2 2 2 2 2 2 2 2 2 2 2 2 2 2 2 2 2 2 2 2 2 2 2 2 2 2 2 2 2 2 2 2 2 2 2 2 2 2 2 2 
Case #39: 3113
8 8 8 8 8 8 8 8 8 8 8 8 8 8 8 8 8 8 8 8 8 8 8 8 8 8 8 8 8 8 8 8 8 8 8 8 8 8 8 8 8 8 8 8 8 8 8 8 8 8 8 8 8 8 8 8 8 8 8 8 8 8 8 8 8 8 8 8 8 8 8 8 8 8 8 8 8 8 8 8 8 8 8 8 8 8 8 8 8 8 8 8 8 8 8 8 8 8 8 8 8 8 8 8 8 8 8 8 8 8 8 8 8 8 8 8 8 8 8 8 8 8 8 8 8 8 8 8 8 8 8 8 8 8 8 8 8 8 8 8 8 8 8 8 8 8 8 8 8 8 8 8 8 8 8 8 8 8 8 8 8 8 8 8 8 8 8 8 8 8 8 8 8 8 8 8 8 8 8 8 8 8 8 8 8 8 8 8 8 8 8 8 8 8 8 8 8 8 8 8 8 8 8 8 8 8 8 8 8 8 8 8 8 8 8 8 8 8 8 8 8 8 8 8 8 8 8 8 8 8 8 8 8 8 8 8 8 8 8 8 8 8 8 8 8 8 8 8 8 8 8 8 8 8 8 8 8 8 8 8 8 8 8 8 8 8 8 8 8 8 8 8 8 8 8 8 8 8 8 8 8 8 8 8 8 8 8 8 8 8 8 8 8 8 8 8 8 8 8 8 8 8 8 8 8 8 8 8 8 8 8 8 8 8 8 8 8 8 8 8 8 8 8 8 8 8 8 8 8 8 8 8 8 8 8 8 8 8 8 8 8 8 8 8 8 8 8 8 8 8 8 8 8 8 8 8 8 8 8 8 8 8 8 8 8 8 8 8 8 8 8 8 8 8 7 7 7 7 7 7 7 7 7 7 7 7 7 7 7 7 7 2 
Case #40: 72078
146 146 146 146 146 146 146 146 146 146 146 146 146 146 146 146 146 146 146 146 146 146 146 146 146 146 146 146 146 146 146 146 146 146 146 146 146 146 146 146 146 146 146 146 146 146 146 146 146 146 146 146 146 146 146 146 146 146 146 146 146 146 146 146 146 146 146 146 146 146 146 146 146 146 146 146 146 146 146 146 146 146 146 146 146 146 146 146 146 146 146 146 146 146 146 146 146 146 146 146 146 146 146 146 146 146 146 146 146 146 146 146 146 146 146 146 146 146 146 146 146 146 146 146 146 146 146 146 146 146 146 146 146 146 146 146 146 146 146 146 146 146 146 146 146 146 146 146 146 146 146 146 146 146 146 146 146 146 146 146 146 146 146 146 146 146 146 146 146 146 146 146 146 146 146 146 146 146 146 146 146 146 146 146 146 146 146 146 146 146 146 146 146 146 146 146 146 146 146 146 146 146 146 146 146 146 146 146 146 146 146 146 146 146 146 146 146 146 146 146 146 146 146 146 146 146 146 146 146 146 146 146 146 146 146 146 146 146 146 146 146 146 146 146 146 146 146 146 146 146 146 146 146 146 146 146 146 146 146 146 146 146 146 146 146 146 146 146 146 146 146 146 146 146 146 146 146 146 146 146 146 146 146 146 146 146 146 146 146 146 146 146 146 146 146 146 146 146 146 146 146 146 146 145 145 145 145 145 145 145 145 145 145 145 145 145 145 145 145 145 145 145 145 145 145 145 145 145 145 145 145 145 145 145 145 145 145 145 145 145 145 145 145 145 145 145 145 145 145 145 145 145 145 145 145 145 145 145 145 145 145 145 145 145 145 145 145 145 145 145 145 145 145 145 145 145 145 145 145 145 145 145 145 145 145 145 145 145 145 145 145 145 145 145 145 145 145 145 145 145 145 145 145 145 145 145 145 145 145 145 145 145 145 145 145 145 145 145 145 145 145 145 145 145 145 145 145 145 145 145 145 145 145 145 145 145 145 145 145 145 145 145 145 145 145 145 145 145 145 145 145 145 145 145 145 145 145 145 145 145 145 145 145 145 145 145 145 145 145 145 145 145 145 145 145 145 145 145 145 145 145 145 145 145 145 145 145 145 145 145 145 145 145 145 145 
Case #41: 235249815
9409992 9409992 9409992 9409992 9409992 9409992 9409992 9409992 9409992 9409992 9409992 9409992 9409992 9409992 9409992 9409992 9409992 9409992 9409992 9409992 9409992 9409992 9409992 9409992 9409992 15 
Case #42: 30
1 1 1 1 1 1 1 1 1 1 1 1 1 1 1 1 1 1 1 1 1 1 1 1 1 1 1 1 1 1 0 0 0 0 0 0 0 0 0 0 0 0 0 0 0 0 0 0 0 0 0 0 0 0 0 0 0 0 0 0 0 0 0 0 0 0 0 0 0 0 0 0 0 0 0 0 0 0 0 0 0 0 0 0 0 0 0 0 0 0 0 0 0 0 0 0 0 
Case #43: 9
1 1 1 1 1 1 1 1 1 0 0 0 0 0 0 0 0 0 0 0 0 0 0 0 0 0 0 0 0 0 0 0 0 0 0 0 0 0 0 0 0 0 0 0 
Case #44: 11519
210 210 210 210 210 210 210 210 210 210 210 210 210 210 210 210 210 210 210 210 210 210 210 210 209 209 209 209 209 209 209 209 209 209 209 209 209 209 209 209 209 209 209 209 209 209 209 209 209 209 209 209 209 209 209 0 0 
Case #45: 16
1 1 1 1 1 1 1 1 1 1 1 1 1 1 1 1 0 0 0 0 0 0 0 0 0 0 0 0 0 0 0 0 0 0 0 0 0 0 0 0 0 0 0 0 0 0 0 0 0 0 0 0 0 0 0 0 0 0 0 0 0 0 0 0 0 0 0 0 0 0 0 0 0 0 0 0 0 0 0 0 0 0 0 0 0 0 0 0 0 0 0 0 0 0 0 0 0 0 0 0 0 0 0 0 0 0 0 0 0 0 0 0 0 0 0 0 0 0 0 0 0 0 0 0 0 0 0 0 0 0 0 0 0 0 0 0 0 0 0 0 0 0 0 0 0 0 0 0 0 0 0 0 0 0 0 0 0 0 0 0 0 0 0 0 
Case #46: 7
1 1 1 1 1 1 1 0 0 0 
Case #47: 3
1 1 1 0 0 0 0 0 0 0 0 0 0 0 0 0 0 0 0 0 0 0 0 0 0 0 0 0 0 0 0 0 
Case #48: 7489295
124822 124822 124822 124822 124822 124822 124822 124822 124822 124822 124822 124822 124822 124822 124822 124822 124822 124822 124822 124822 124822 124822 124822 124822 124822 124822 124822 124822 124822 124822 124822 124822 124822 124822 124822 124821 124821 124821 124821 124821 124821 124821 124821 124821 124821 124821 124821 124821 124821 124821 124821 124821 124821 124821 124821 124821 124821 124821 124821 124821 
Case #49: 29850
30 30 30 30 30 30 30 30 30 30 30 30 30 30 30 30 30 30 30 30 30 30 30 30 30 30 30 30 30 30 30 30 30 30 30 30 30 30 30 30 30 30 30 30 30 30 30 30 30 30 30 30 30 30 30 30 30 30 30 30 30 30 30 30 30 30 30 30 30 30 30 30 30 30 30 30 30 30 30 30 30 30 30 30 30 30 30 30 30 30 30 30 30 30 30 30 30 30 30 30 30 30 30 30 30 30 30 30 30 30 30 30 30 30 30 30 30 30 30 30 30 30 30 30 30 30 30 30 30 30 30 30 30 30 30 30 30 30 30 30 30 30 30 30 30 30 30 30 30 30 30 30 30 30 30 30 30 30 30 30 30 30 30 30 30 30 30 30 30 30 30 30 30 30 30 30 30 30 30 30 30 30 30 30 30 30 30 30 30 30 30 30 30 30 30 30 30 30 30 30 30 30 30 30 30 30 30 30 30 30 30 30 30 30 30 30 30 30 30 30 30 30 30 30 30 30 30 30 30 30 30 30 30 30 30 30 30 30 30 30 30 30 30 30 30 30 30 30 30 30 30 30 30 30 30 30 30 30 30 30 30 30 30 30 30 30 30 30 30 30 30 30 30 30 30 30 30 30 30 30 30 30 30 30 30 30 30 30 30 30 30 30 30 30 30 30 30 30 30 30 30 30 30 30 30 30 30 30 30 30 30 30 30 30 30 30 30 30 30 30 30 30 30 30 30 30 30 30 30 30 30 30 30 30 30 30 30 30 30 30 30 30 30 30 30 30 30 30 30 30 30 30 30 30 30 30 30 30 30 30 30 30 30 30 30 30 30 30 30 30 30 30 30 30 30 30 30 30 30 30 30 30 30 30 30 30 30 30 30 30 30 30 30 30 30 30 30 30 30 30 30 30 30 30 30 30 30 30 30 30 30 30 30 30 30 30 30 30 30 30 30 30 30 30 30 30 30 30 30 30 30 30 30 30 30 30 30 30 30 30 30 30 30 30 30 30 30 30 30 30 30 30 30 30 30 30 30 30 30 30 30 30 30 30 30 30 30 30 30 30 30 30 30 30 30 30 30 30 30 30 30 30 30 30 30 30 30 30 30 30 30 30 30 30 30 30 30 30 30 30 30 30 30 30 30 30 30 30 30 30 30 30 30 30 30 30 30 30 30 30 30 30 30 30 30 30 30 30 30 30 30 30 30 30 30 30 30 30 30 30 30 30 30 30 30 30 30 30 30 30 30 30 30 30 30 30 30 30 30 30 30 30 30 30 30 30 30 30 30 30 30 30 30 30 30 30 30 30 30 30 30 30 30 30 30 30 30 30 30 30 30 30 30 30 30 30 30 30 30 30 30 30 30 30 30 30 30 30 30 30 30 30 30 30 30 30 30 30 30 30 30 30 30 30 30 30 30 30 30 30 30 30 30 30 30 30 30 30 30 30 30 30 30 30 30 30 30 30 30 30 30 30 30 30 30 30 30 30 30 30 30 30 30 30 30 30 30 30 30 30 30 30 30 30 30 30 30 30 30 30 30 30 30 30 30 30 30 30 30 30 30 30 30 30 30 30 30 30 30 30 30 30 30 30 30 30 30 30 30 30 30 30 30 30 30 30 30 30 30 30 30 30 30 30 30 30 30 30 30 30 30 30 30 30 30 30 30 30 30 30 30 30 30 30 30 30 30 30 30 30 30 30 30 30 30 30 30 30 30 30 30 30 30 30 30 30 30 30 30 30 30 30 30 30 30 30 30 30 30 30 30 30 30 30 30 30 30 30 30 30 30 30 30 30 30 30 30 30 30 30 30 30 30 30 30 30 30 30 30 30 30 30 30 30 30 30 30 30 30 30 30 30 30 30 30 30 30 30 30 30 30 30 30 30 30 30 30 30 30 30 30 30 30 30 30 30 30 30 30 30 30 30 30 30 30 30 30 30 30 30 30 30 30 30 30 30 30 30 30 30 30 30 30 30 30 30 30 30 30 30 30 30 30 30 30 30 30 30 30 30 30 30 30 30 30 30 30 30 30 30 30 30 30 30 30 30 30 30 30 30 30 30 30 30 30 30 30 30 30 30 30 29 29 29 29 29 29 29 29 29 29 29 29 29 29 29 29 29 29 29 29 29 29 29 29 29 29 29 29 29 29 29 29 29 29 29 29 29 29 29 29 29 29 29 29 29 29 29 29 29 29 29 29 29 29 29 29 29 29 29 29 29 29 29 29 29 29 29 29 29 29 29 23 23 23 23 23 23 23 0 
Case #50: 8
4 4 0 
Case #51: 4940345
205848 205848 205848 205848 205848 205848 205848 205848 205848 205848 205848 205848 205848 205848 205847 205847 205847 205847 205847 205847 205847 205847 205847 205847 3 
Case #52: 59521
408 408 408 408 408 408 408 408 408 408 408 408 408 408 408 408 408 408 408 408 408 408 408 408 408 408 408 408 408 408 408 408 408 408 408 408 408 408 408 408 408 408 408 408 408 408 408 408 408 408 408 408 408 408 408 408 408 408 408 408 408 408 408 408 408 408 408 408 408 408 408 408 408 408 408 408 408 408 408 408 408 408 408 408 408 408 408 408 408 408 408 408 408 408 408 408 408 408 408 407 407 407 407 407 407 407 407 407 407 407 407 407 407 407 407 407 407 407 407 407 407 407 407 407 407 407 407 407 407 407 407 407 407 407 407 407 407 407 407 407 407 407 407 407 407 407 
Case #53: 1522
4 4 4 4 4 4 4 4 4 4 4 4 4 4 4 4 4 4 4 4 4 4 4 4 4 4 4 4 4 4 4 4 4 4 4 4 4 4 4 4 4 4 4 4 4 4 4 4 4 4 4 4 4 4 4 4 4 4 4 4 4 4 4 4 4 4 4 4 4 4 4 4 4 4 4 4 4 4 4 4 4 4 4 4 4 4 4 4 4 4 4 4 4 4 4 4 4 4 4 4 4 4 4 4 4 4 4 4 4 4 4 4 4 4 4 4 4 4 4 4 4 4 4 4 4 4 4 4 4 4 4 4 4 4 4 4 4 4 4 4 4 4 4 4 4 4 4 4 4 4 4 4 4 4 4 4 4 4 4 4 4 4 4 4 4 4 4 4 4 4 4 4 4 4 4 4 4 4 4 4 4 4 4 4 4 4 4 4 4 4 4 4 4 4 4 4 4 4 4 4 4 4 4 4 4 4 4 4 4 4 4 4 4 4 4 4 4 4 4 4 4 4 4 4 4 4 4 4 4 4 4 4 4 4 4 4 4 4 4 4 4 4 4 4 4 4 4 4 4 4 4 4 4 4 4 4 4 4 4 4 4 4 4 4 4 4 4 4 4 4 4 4 4 4 4 4 4 4 4 4 4 4 4 4 4 4 4 4 4 4 4 4 4 4 4 4 4 4 4 4 4 4 4 4 4 4 4 4 4 4 4 4 4 4 4 4 4 4 4 4 4 4 4 4 4 4 4 4 4 4 4 4 4 4 4 4 4 4 4 4 4 4 4 4 4 4 4 4 4 4 4 4 4 4 4 4 4 4 4 4 4 3 3 3 3 3 3 3 3 3 3 3 3 3 3 3 3 3 3 3 3 3 3 3 3 3 3 
Case #54: 1046
3 3 3 3 3 3 3 3 3 3 3 3 3 3 3 3 3 3 3 3 3 3 3 3 3 3 3 3 3 3 3 3 3 3 3 3 3 3 3 3 3 3 3 3 3 3 3 3 3 3 3 3 3 3 3 3 3 3 3 3 3 3 3 3 3 3 3 3 3 3 3 3 3 3 3 3 3 3 3 3 3 3 3 3 3 3 3 3 3 3 3 3 3 3 3 3 3 3 3 3 3 3 3 3 3 3 3 3 3 3 3 3 3 3 3 3 3 3 3 3 3 3 3 3 3 3 3 3 3 3 3 3 3 3 3 3 3 3 3 3 3 3 3 3 3 3 3 3 3 3 3 3 3 3 3 3 3 3 3 3 3 3 3 3 3 3 3 3 3 3 3 3 3 3 3 3 3 3 3 3 3 3 3 3 3 3 3 3 3 3 3 3 3 3 3 3 3 3 3 3 3 3 3 3 3 3 3 3 3 3 3 3 3 3 3 3 3 3 3 3 3 3 3 3 3 3 3 3 3 3 3 3 3 3 3 3 3 3 3 3 3 3 3 3 3 3 3 3 3 3 3 3 3 3 3 3 3 3 3 3 3 3 3 3 3 3 3 3 3 3 3 3 3 3 3 3 3 3 3 3 3 3 3 3 3 3 3 3 3 3 3 3 3 3 3 3 3 3 3 3 3 3 3 3 3 3 3 3 3 3 3 3 3 3 3 3 3 3 3 3 3 3 3 3 3 3 3 3 3 3 3 2 2 2 2 2 2 2 2 2 2 2 2 2 2 2 2 2 2 2 2 2 2 2 2 2 2 1 0 0 0 0 0 0 0 0 0 0 0 0 0 0 0 0 0 0 0 0 0 0 0 0 0 0 0 0 0 0 0 0 0 0 0 0 0 0 0 0 
Case #55: 68239
1950 1950 1950 1950 1950 1950 1950 1950 1950 1950 1950 1950 1950 1950 1950 1950 1950 1950 1950 1950 1950 1950 1950 1950 1949 1949 1949 1949 1949 1949 1949 1949 1949 1949 1949 
Case #56: 16213761
337786 337786 337786 337786 337786 337786 337786 337786 337786 337786 337786 337786 337786 337786 337786 337786 337786 337786 337786 337786 337786 337786 337786 337786 337786 337786 337786 337786 337786 337786 337786 337786 337786 337786 337786 337786 337786 337786 337786 337786 337786 337786 337786 337786 337786 337786 337786 337786 11 11 11 
Case #57: 21
1 1 1 1 1 1 1 1 1 1 1 1 1 1 1 1 1 1 1 1 1 0 0 0 0 0 0 0 0 0 0 0 0 0 0 0 0 0 0 0 0 0 0 0 0 0 0 0 0 0 0 0 0 0 0 0 0 0 0 0 0 0 0 0 0 0 0 0 0 0 0 0 0 0 0 0 0 0 0 0 0 0 0 0 0 0 0 0 0 0 0 0 0 0 0 0 0 0 0 0 0 0 0 0 0 0 0 0 0 0 0 0 0 0 0 0 0 0 0 0 0 0 0 0 0 0 0 0 0 0 0 0 0 0 0 0 0 0 0 0 0 0 0 0 
Case #58: 11
5 3 3 0 0 
Case #59: 1934
6 6 6 6 6 6 6 6 6 6 6 6 6 6 6 6 6 6 6 6 6 6 6 6 6 6 6 6 6 6 6 6 6 6 6 6 6 6 6 6 6 6 6 6 6 6 6 6 6 6 6 6 6 6 6 6 6 6 6 6 6 6 6 6 6 6 6 6 6 6 6 6 6 6 6 6 6 6 6 6 6 6 6 6 6 6 6 6 6 6 6 6 6 6 6 6 6 6 6 6 6 6 6 6 6 6 6 6 6 6 6 6 6 6 6 6 6 6 6 6 6 6 6 6 6 6 6 6 6 6 6 6 6 6 6 6 6 6 6 6 6 6 6 6 6 6 6 6 6 6 6 6 6 6 6 6 6 6 6 6 6 6 6 6 6 6 6 6 6 6 6 6 6 6 6 6 6 6 6 6 6 6 6 6 6 6 6 6 6 6 6 6 6 6 6 6 6 6 6 6 6 6 6 6 6 6 6 6 6 6 6 6 6 6 6 6 6 6 6 6 6 6 6 6 6 6 6 6 6 6 6 6 6 6 6 6 6 6 6 6 6 6 6 6 6 6 6 6 6 6 6 6 6 6 6 6 6 6 6 6 6 6 6 6 6 6 6 6 6 6 6 6 6 6 6 6 6 6 6 6 6 6 6 6 6 6 6 6 6 6 6 6 6 6 6 6 6 6 6 6 6 6 6 6 6 6 6 6 6 6 6 4 4 4 4 4 4 4 4 4 4 4 4 4 4 4 4 2 2 0 0 0 
Case #60: 1004902
7790 7790 7790 7790 7790 7790 7790 7790 7790 7790 7790 7790 7790 7790 7790 7790 7790 7790 7790 7790 7790 7790 7790 7790 7790 7790 7790 7790 7790 7790 7790 7790 7790 7790 7790 7790 7790 7790 7790 7790 7790 7790 7790 7790 7790 7790 7790 7790 7790 7790 7790 7790 7790 7790 7790 7790 7790 7790 7790 7790 7790 7790 7790 7790 7790 7790 7790 7790 7790 7790 7790 7790 7790 7790 7790 7790 7790 7790 7790 7790 7790 7790 7790 7790 7790 7790 7790 7790 7790 7790 7790 7790 7790 7790 7790 7790 7790 7790 7790 7790 7790 7790 7790 7790 7790 7790 7790 7790 7790 7790 7790 7790 7790 7790 7790 7790 7790 7790 7790 7790 7790 7789 7789 7789 7789 7789 7789 7789 7789 
Case #61: 8676
77 77 77 77 77 77 77 77 77 77 77 77 77 77 77 77 77 77 77 77 77 77 77 77 77 77 77 77 77 77 77 77 77 77 77 77 77 77 77 77 77 77 77 77 77 77 77 77 77 77 77 77 77 77 77 77 77 77 77 77 77 77 77 77 77 77 77 77 77 77 77 77 77 77 77 77 77 77 77 77 77 77 77 77 77 77 77 77 77 77 77 77 77 77 77 77 77 77 77 77 77 77 77 77 77 77 77 77 77 77 77 77 26 26 
Case #62: 172681
1234 1234 1234 1234 1234 1234 1234 1234 1234 1234 1234 1234 1234 1234 1234 1234 1234 1234 1234 1234 1234 1234 1234 1234 1234 1234 1234 1234 1234 1234 1234 1234 1234 1234 1234 1234 1234 1234 1234 1234 1234 1234 1234 1234 1234 1234 1234 1234 1234 1234 1234 1234 1234 1234 1234 1234 1234 1234 1234 1234 1234 1233 1233 1233 1233 1233 1233 1233 1233 1233 1233 1233 1233 1233 1233 1233 1233 1233 1233 1233 1233 1233 1233 1233 1233 1233 1233 1233 1233 1233 1233 1233 1233 1233 1233 1233 1233 1233 1233 1233 1233 1233 1233 1233 1233 1233 1233 1233 1233 1233 1233 1233 1233 1233 1233 1233 1233 1233 1233 1233 1233 1233 1233 1233 1233 1233 1233 1233 1233 1233 1233 1233 1233 1233 1233 1233 1233 1233 1233 1233 
Case #63: 19
1 1 1 1 1 1 1 1 1 1 1 1 1 1 1 1 1 1 1 0 0 0 0 0 0 0 0 0 0 0 0 0 0 0 0 0 0 0 0 0 0 0 0 0 0 0 0 0 0 0 0 0 0 0 0 0 0 0 0 0 0 0 0 0 0 0 0 0 0 0 0 0 0 0 0 0 0 0 0 0 0 0 0 0 0 0 0 0 0 0 0 0 0 0 0 0 0 0 0 0 0 0 0 0 0 0 0 0 0 0 0 0 0 0 0 0 0 0 0 0 0 0 0 0 0 0 0 0 0 0 0 0 0 0 0 0 0 0 0 0 0 0 0 0 0 0 0 0 0 0 0 0 0 
Case #64: 3177675571
117691688 117691688 117691688 117691688 117691688 117691688 117691688 117691688 117691688 117691688 117691688 117691688 117691688 117691688 117691688 117691688 117691688 117691688 117691688 117691688 117691688 117691688 117691688 117691688 117691688 117691687 117691684 0 0 0 
Case #65: 1572223818
7980831 7980831 7980831 7980831 7980831 7980831 7980831 7980831 7980831 7980831 7980831 7980831 7980831 7980831 7980831 7980831 7980831 7980831 7980831 7980831 7980831 7980831 7980831 7980831 7980831 7980831 7980831 7980831 7980831 7980831 7980831 7980831 7980831 7980831 7980831 7980831 7980831 7980831 7980831 7980831 7980831 7980831 7980831 7980831 7980831 7980831 7980831 7980831 7980831 7980831 7980831 7980831 7980831 7980831 7980831 7980831 7980831 7980831 7980831 7980831 7980831 7980831 7980831 7980831 7980831 7980831 7980831 7980831 7980831 7980831 7980831 7980831 7980831 7980831 7980831 7980831 7980831 7980831 7980831 7980831 7980831 7980831 7980831 7980831 7980831 7980831 7980831 7980831 7980831 7980831 7980831 7980831 7980831 7980831 7980831 7980831 7980831 7980831 7980831 7980831 7980831 7980831 7980831 7980831 7980831 7980831 7980831 7980831 7980831 7980831 7980831 7980831 7980831 7980831 7980831 7980831 7980831 7980831 7980831 7980831 7980831 7980831 7980831 7980831 7980831 7980831 7980831 7980831 7980831 7980831 7980831 7980831 7980831 7980831 7980831 7980831 7980831 7980831 7980831 7980831 7980831 7980831 7980831 7980831 7980831 7980831 7980831 7980831 7980831 7980831 7980831 7980831 7980831 7980831 7980831 7980831 7980831 7980831 7980831 7980831 7980831 7980831 7980831 7980831 7980831 7980831 7980831 7980831 7980831 7980831 7980831 7980831 7980831 7980831 7980831 7980831 7980831 7980831 7980831 7980831 7980831 7980831 7980831 7980831 7980831 7980831 7980831 7980831 7980831 7980831 7980831 7980831 7980831 7980831 7980831 7980831 7980831 111 
Case #66: 3710913
3745 3745 3745 3745 3745 3745 3745 3745 3745 3745 3745 3745 3745 3745 3745 3745 3745 3745 3745 3745 3745 3745 3745 3745 3745 3745 3745 3745 3745 3745 3745 3745 3745 3745 3745 3745 3745 3745 3745 3745 3745 3745 3745 3745 3745 3745 3745 3745 3745 3745 3745 3745 3745 3745 3745 3745 3745 3745 3745 3745 3745 3745 3745 3745 3745 3745 3745 3745 3745 3745 3745 3745 3745 3745 3745 3745 3745 3745 3745 3745 3745 3745 3745 3745 3745 3745 3745 3745 3745 3745 3745 3745 3745 3745 3745 3745 3745 3745 3745 3745 3745 3745 3745 3745 3745 3745 3745 3745 3745 3745 3745 3745 3745 3745 3745 3745 3745 3745 3745 3745 3745 3745 3745 3745 3745 3745 3745 3745 3745 3745 3745 3745 3745 3745 3745 3745 3745 3745 3745 3745 3745 3745 3745 3745 3745 3745 3745 3745 3745 3745 3745 3745 3745 3745 3745 3745 3745 3745 3745 3745 3745 3745 3745 3745 3745 3745 3745 3745 3745 3745 3745 3745 3745 3745 3745 3745 3745 3745 3745 3745 3745 3745 3745 3745 3745 3745 3745 3745 3745 3745 3745 3745 3745 3745 3745 3745 3745 3745 3745 3745 3745 3745 3745 3745 3745 3745 3745 3745 3745 3745 3745 3745 3745 3745 3745 3745 3745 3745 3745 3745 3745 3745 3745 3745 3745 3745 3745 3745 3745 3745 3745 3745 3745 3745 3745 3745 3745 3745 3745 3745 3745 3745 3745 3745 3745 3745 3745 3745 3745 3745 3745 3745 3745 3745 3745 3745 3745 3745 3745 3745 3745 3745 3745 3745 3745 3745 3745 3745 3745 3745 3745 3745 3745 3745 3745 3745 3745 3745 3745 3745 3745 3745 3745 3745 3745 3745 3745 3745 3745 3745 3745 3745 3745 3745 3745 3745 3745 3745 3745 3745 3745 3745 3745 3745 3745 3745 3745 3745 3745 3745 3745 3745 3745 3745 3745 3745 3745 3745 3745 3745 3745 3745 3745 3745 3745 3745 3745 3745 3745 3745 3745 3745 3745 3745 3745 3745 3745 3745 3745 3745 3745 3745 3745 3745 3745 3745 3745 3745 3745 3745 3745 3745 3745 3745 3745 3745 3745 3745 3745 3745 3745 3745 3745 3745 3745 3745 3745 3745 3745 3745 3745 3745 3745 3745 3745 3745 3745 3745 3745 3745 3745 3745 3745 3745 3745 3745 3745 3745 3745 3745 3745 3745 3745 3745 3745 3745 3745 3745 3745 3745 3745 3745 3745 3745 3745 3745 3745 3745 3745 3745 3745 3745 3745 3745 3745 3745 3745 3745 3745 3745 3745 3745 3745 3745 3745 3745 3745 3745 3745 3745 3745 3745 3745 3745 3745 3745 3745 3745 3745 3745 3745 3745 3745 3745 3745 3745 3745 3745 3745 3745 3745 3745 3745 3745 3745 3745 3745 3745 3745 3745 3745 3745 3745 3745 3745 3745 3745 3745 3745 3745 3745 3745 3745 3745 3745 3745 3745 3745 3745 3745 3745 3745 3745 3745 3745 3745 3745 3745 3745 3745 3745 3745 3745 3745 3745 3745 3745 3745 3745 3745 3745 3745 3745 3745 3745 3745 3745 3745 3745 3745 3745 3745 3745 3745 3745 3745 3745 3745 3745 3745 3745 3745 3745 3745 3745 3745 3745 3745 3745 3745 3745 3745 3745 3745 3745 3745 3745 3745 3745 3745 3745 3745 3745 3745 3745 3745 3745 3745 3745 3745 3745 3745 3745 3745 3745 3745 3745 3745 3745 3745 3745 3745 3745 3745 3745 3745 3745 3745 3745 3745 3745 3745 3745 3745 3745 3745 3745 3745 3745 3745 3745 3745 3745 3745 3745 3745 3745 3745 3745 3745 3745 3745 3745 3745 3745 3745 3745 3745 3745 3745 3745 3745 3745 3745 3745 3745 3745 3745 3745 3745 3745 3745 3745 3745 3745 3745 3745 3745 3745 3745 3745 3745 3745 3745 3745 3745 3745 3745 3745 3745 3745 3745 3745 3745 3745 3745 3745 3745 3745 3745 3745 3745 3745 3745 3745 3745 3745 3745 3745 3745 3745 3745 3745 3745 3745 3745 3745 3745 3745 3745 3745 3745 3745 3745 3745 3745 3745 3745 3745 3745 3745 3745 3745 3745 3745 3745 3745 3745 3745 3745 3745 3745 3745 3745 3745 3745 3745 3745 3745 3745 3745 3745 3745 3745 3745 3745 3745 3745 3745 3745 3745 3745 3745 3745 3745 3745 3745 3745 3745 3745 3745 3745 3745 3745 3745 3745 3745 3745 3745 3745 3745 3745 3745 3745 3745 3745 3745 3745 3745 3745 3745 3745 3745 3745 3745 3745 3745 3745 3745 3745 3745 3745 3745 3745 3745 3745 3745 3745 3745 3745 3745 3745 3745 3745 3745 3745 3745 3745 3745 3745 3745 3745 3745 3745 3745 3745 3745 3745 3745 3745 3745 3745 3745 3745 3745 3745 3745 3745 3745 3745 3745 3745 3745 3745 3745 3745 3745 3745 3745 3745 3745 3745 3745 3745 3745 3745 3745 3745 3745 3745 3745 3745 3745 3745 3745 3745 3745 3745 3745 3745 3745 3745 3745 3745 3745 3745 3745 3745 3745 3745 3745 3745 3745 3745 3745 3745 3745 3745 3745 3745 3745 3745 3745 3745 3745 3745 3745 3745 3745 3745 3745 3745 3745 3745 3745 3745 3745 3745 3745 3745 3745 3745 3745 3745 3745 3745 3745 3745 3745 3745 3745 3745 3745 3745 3745 3745 3745 3745 3745 3745 3745 3745 3745 3745 3745 3745 3745 3745 3745 3745 3745 3745 3745 3745 3745 3745 3745 3745 3745 3745 3745 3745 3745 3745 3745 3745 3745 3745 3745 3745 3745 3745 3745 3745 3745 3745 3745 3745 3745 3745 3745 3745 3745 3745 3745 3745 3745 3745 3745 3745 3745 3745 3745 3745 3745 3745 3745 3745 3745 3745 3745 3745 3745 3745 3745 3745 3745 3745 3745 3745 3745 3745 3745 3745 3745 3745 3745 3745 3745 3745 3745 3745 3745 3745 3745 3745 3745 3745 3745 3745 3745 3745 3745 3745 3745 3745 3745 3745 3745 3745 3745 3745 3745 3745 3745 3745 3745 3745 3745 3745 3745 3745 3745 3745 3745 3745 3745 3650 3650 3649 3649 
Case #67: 7902280
17798 17798 17798 17798 17798 17798 17798 17798 17798 17798 17798 17798 17798 17798 17798 17798 17798 17798 17798 17798 17798 17798 17798 17798 17798 17798 17798 17798 17798 17798 17798 17798 17798 17798 17798 17798 17798 17798 17798 17798 17798 17798 17798 17798 17798 17798 17798 17798 17798 17798 17798 17798 17798 17798 17798 17798 17798 17798 17798 17798 17798 17798 17798 17798 17798 17798 17798 17798 17798 17798 17798 17798 17798 17798 17798 17798 17798 17798 17798 17798 17798 17798 17798 17798 17798 17798 17798 17798 17798 17798 17798 17798 17798 17798 17798 17798 17798 17798 17798 17798 17798 17798 17798 17798 17798 17798 17798 17798 17798 17798 17798 17798 17798 17798 17798 17798 17798 17798 17798 17798 17798 17798 17798 17798 17798 17798 17798 17798 17798 17798 17798 17798 17798 17798 17798 17798 17798 17798 17798 17798 17798 17798 17798 17798 17798 17798 17798 17798 17798 17798 17798 17798 17798 17798 17798 17798 17798 17798 17798 17798 17798 17798 17798 17798 17798 17798 17798 17798 17798 17798 17798 17798 17798 17798 17798 17798 17798 17798 17798 17798 17798 17798 17798 17798 17798 17798 17798 17798 17798 17798 17798 17798 17798 17798 17798 17798 17798 17798 17798 17798 17798 17798 17798 17798 17798 17798 17798 17798 17798 17798 17798 17798 17798 17798 17798 17798 17798 17798 17798 17798 17798 17798 17798 17798 17798 17798 17798 17798 17798 17798 17798 17798 17798 17798 17798 17798 17798 17798 17798 17798 17798 17798 17798 17798 17798 17798 17798 17798 17798 17798 17798 17798 17798 17798 17798 17798 17798 17798 17798 17798 17798 17798 17798 17798 17798 17798 17798 17798 17798 17798 17798 17798 17798 17798 17798 17798 17798 17798 17798 17798 17798 17798 17798 17798 17798 17798 17798 17798 17798 17798 17798 17798 17798 17798 17798 17798 17798 17798 17798 17798 17798 17798 17798 17798 17798 17798 17798 17798 17798 17798 17798 17798 17798 17798 17798 17798 17798 17798 17798 17798 17798 17798 17798 17798 17798 17798 17798 17798 17798 17798 17798 17798 17798 17798 17798 17798 17798 17798 17798 17798 17798 17798 17798 17798 17798 17798 17798 17798 17798 17798 17798 17798 17798 17798 17798 17798 17798 17798 17798 17798 17798 17798 17798 17798 17798 17798 17798 17798 17798 17798 17798 17798 17798 17798 17798 17798 17798 17798 17798 17798 17798 17798 17798 17798 17798 17798 17798 17798 17798 17798 17798 17798 17798 17798 17798 17798 17798 17798 17798 17798 17798 17798 17798 17798 17798 17798 17798 17798 17798 17798 17798 17798 17798 17798 17798 17798 17798 17798 17798 17798 17798 17798 17798 17798 17798 17798 17798 17798 17798 17798 17798 17798 17798 17798 17798 17798 17798 17798 17798 17798 17798 17788 17787 17787 
Case #68: 975508347
2747911 2747911 2747911 2747911 2747911 2747911 2747911 2747911 2747911 2747911 2747911 2747911 2747911 2747911 2747911 2747911 2747911 2747911 2747911 2747911 2747911 2747911 2747911 2747911 2747911 2747911 2747911 2747911 2747911 2747911 2747911 2747911 2747911 2747911 2747911 2747911 2747911 2747911 2747911 2747911 2747911 2747911 2747911 2747911 2747911 2747911 2747911 2747911 2747911 2747911 2747911 2747911 2747911 2747911 2747911 2747911 2747911 2747911 2747911 2747911 2747911 2747911 2747911 2747911 2747911 2747911 2747911 2747911 2747911 2747911 2747911 2747911 2747911 2747911 2747911 2747911 2747911 2747911 2747911 2747911 2747911 2747911 2747911 2747911 2747911 2747911 2747911 2747911 2747911 2747911 2747911 2747911 2747911 2747911 2747911 2747911 2747911 2747911 2747911 2747911 2747911 2747911 2747911 2747911 2747911 2747911 2747911 2747911 2747911 2747911 2747911 2747911 2747911 2747911 2747911 2747911 2747911 2747911 2747911 2747911 2747911 2747911 2747911 2747911 2747911 2747911 2747911 2747911 2747911 2747911 2747911 2747911 2747911 2747911 2747911 2747911 2747911 2747911 2747911 2747911 2747911 2747911 2747911 2747911 2747911 2747911 2747911 2747911 2747911 2747911 2747911 2747911 2747911 2747911 2747911 2747911 2747911 2747911 2747911 2747911 2747911 2747911 2747911 2747911 2747911 2747911 2747911 2747911 2747911 2747911 2747911 2747911 2747911 2747911 2747911 2747911 2747911 2747911 2747911 2747911 2747911 2747911 2747911 2747911 2747911 2747911 2747911 2747911 2747911 2747911 2747911 2747911 2747911 2747911 2747911 2747911 2747911 2747911 2747911 2747911 2747911 2747911 2747911 2747911 2747911 2747911 2747911 2747911 2747911 2747911 2747911 2747911 2747911 2747911 2747911 2747911 2747911 2747911 2747911 2747911 2747911 2747911 2747911 2747911 2747911 2747911 2747911 2747911 2747911 2747911 2747911 2747911 2747911 2747911 2747911 2747911 2747911 2747911 2747911 2747911 2747911 2747911 2747911 2747911 2747911 2747911 2747911 2747911 2747911 2747911 2747911 2747911 2747911 2747911 2747911 2747911 2747911 2747911 2747911 2747911 2747911 2747911 2747911 2747911 2747911 2747911 2747911 2747911 2747911 2747911 2747911 2747911 2747911 2747911 2747911 2747911 2747911 2747911 2747911 2747911 2747911 2747911 2747911 2747911 2747911 2747911 2747911 2747911 2747911 2747911 2747911 2747911 2747911 2747911 2747911 2747911 2747911 2747910 2747910 2747910 2747910 2747910 2747910 2747910 2747910 2747910 2747910 2747910 2747910 2747910 2747910 2747910 2747910 2747910 2747910 2747910 2747910 2747910 2747910 2747910 2747910 2747910 2747910 2747910 2747910 2747910 2747910 2747910 2747910 2747910 2747910 2747910 2747910 2747910 2747910 2747910 2747910 2747910 2747910 2747910 2747910 2747910 2747910 2747910 2747910 2747910 2747910 2747910 2747910 2747910 2747910 2747910 2747910 2747910 2747910 
Case #69: 4
1 1 1 1 0 0 0 0 0 0 0 0 0 0 0 0 0 0 0 0 0 0 0 0 0 0 0 0 0 0 0 0 0 0 0 0 0 0 0 0 0 0 0 0 0 0 0 0 0 0 0 0 0 0 0 0 0 0 0 0 0 0 0 0 0 0 0 0 0 0 0 0 0 0 0 0 0 0 0 0 0 0 0 0 0 0 0 0 0 0 0 0 0 0 0 0 0 0 0 0 0 0 0 0 0 0 0 0 0 0 0 0 0 0 0 0 0 0 0 0 0 0 0 0 0 0 0 0 0 0 0 0 0 0 0 0 0 0 0 0 0 0 0 0 0 0 0 0 0 0 0 0 0 0 0 0 0 0 0 0 0 0 0 0 0 0 0 0 0 0 0 0 0 0 0 0 0 0 0 0 0 0 0 0 0 0 0 0 0 0 0 0 0 0 0 0 0 0 0 0 0 0 0 0 0 0 0 0 0 0 0 0 0 0 0 0 0 0 0 0 0 0 0 0 0 0 0 0 0 0 0 0 0 0 0 0 0 0 0 0 0 0 0 0 0 0 0 0 0 0 0 0 0 0 0 0 0 0 0 0 0 0 0 0 0 0 0 0 0 0 0 0 0 0 0 0 0 0 0 0 0 0 0 0 0 0 0 0 0 0 0 0 0 0 0 0 0 0 0 0 0 0 0 0 0 0 0 0 0 0 0 0 0 0 0 0 0 0 0 0 0 0 0 0 0 0 0 0 0 0 0 0 0 0 0 0 0 0 0 0 0 0 0 0 0 0 0 0 0 0 0 0 0 0 0 0 0 0 0 
Case #70: 2
2 0 0 0 0 0 0 0 0 0 0 0 0 0 0 0 0 0 0 0 0 0 0 0 0 0 0 0 0 0 0 0 0 0 0 0 0 0 0 0 0 0 0 0 0 0 0 0 0 0 0 0 0 0 0 0 0 0 0 0 0 0 0 0 0 0 0 0 0 0 0 0 0 0 0 0 0 0 0 0 0 0 0 0 0 0 0 0 0 0 0 0 0 0 0 0 0 0 0 0 0 0 0 0 0 0 0 0 0 0 0 0 0 0 0 0 0 0 0 0 0 0 0 0 0 0 0 0 0 0 0 0 0 0 0 0 0 0 0 0 0 0 0 0 0 0 0 0 0 0 0 0 0 0 0 0 0 0 0 0 0 0 0 0 0 0 0 0 0 0 0 0 0 0 0 0 0 0 
Case #71: 265562
676 676 676 676 676 676 676 676 676 676 676 676 676 676 676 676 676 676 676 676 676 676 676 676 676 676 676 676 676 676 676 676 676 676 676 676 676 676 676 676 676 676 676 676 676 676 676 676 676 676 676 676 676 676 676 676 676 676 676 676 676 676 676 676 676 676 676 676 676 676 676 676 676 676 676 676 676 676 676 676 676 676 676 676 676 676 676 676 676 676 676 676 676 676 676 676 676 676 676 676 676 676 676 676 676 676 676 676 676 676 676 676 676 676 676 676 676 676 676 676 676 676 676 676 676 676 676 676 676 676 676 676 676 676 676 676 676 676 676 676 676 676 676 676 676 676 676 676 676 676 676 676 676 676 676 676 676 676 676 676 676 676 676 676 676 676 676 676 676 676 676 676 676 676 676 676 676 676 676 676 676 676 676 676 676 676 676 676 676 676 676 676 676 676 676 676 676 676 676 676 676 676 676 676 676 676 676 676 676 676 676 676 676 676 676 676 676 676 676 676 676 676 676 676 676 676 676 676 676 676 676 676 676 676 676 676 676 676 676 676 676 676 676 676 676 676 676 676 676 676 676 676 676 676 676 676 676 676 676 676 676 676 676 676 676 676 676 676 676 676 676 676 676 676 676 676 676 676 676 676 676 676 676 676 676 676 676 676 676 676 676 676 676 676 676 676 676 676 676 676 676 676 676 676 676 676 676 676 676 676 676 676 676 676 676 676 676 676 676 676 676 676 676 676 676 676 676 676 676 676 676 676 676 676 676 676 676 676 676 676 676 676 676 676 676 676 676 676 676 676 676 676 676 676 676 676 676 676 676 676 676 676 676 676 676 676 676 676 676 676 676 676 676 676 676 676 676 676 676 676 676 676 676 676 676 676 676 676 676 676 676 676 570 
Case #72: 61974
730 730 730 730 730 730 730 730 730 729 729 729 729 729 729 729 729 729 729 729 729 729 729 729 729 729 729 729 729 729 729 729 729 729 729 729 729 729 729 729 729 729 729 729 729 729 729 729 729 729 729 729 729 729 729 729 729 729 729 729 729 729 729 729 729 729 729 729 729 729 729 729 729 729 729 729 729 729 729 729 729 729 729 729 729 
Case #73: 851572843
6652913 6652913 6652913 6652913 6652913 6652913 6652913 6652913 6652913 6652913 6652913 6652913 6652913 6652913 6652913 6652913 6652913 6652913 6652913 6652913 6652913 6652913 6652913 6652913 6652913 6652913 6652913 6652913 6652913 6652913 6652913 6652913 6652913 6652913 6652913 6652913 6652913 6652913 6652913 6652913 6652913 6652913 6652913 6652913 6652913 6652913 6652913 6652913 6652913 6652913 6652913 6652913 6652913 6652913 6652913 6652913 6652913 6652913 6652913 6652913 6652913 6652913 6652913 6652913 6652913 6652913 6652913 6652913 6652913 6652913 6652913 6652913 6652913 6652913 6652913 6652913 6652913 6652913 6652913 6652913 6652913 6652913 6652913 6652913 6652913 6652913 6652913 6652913 6652913 6652913 6652913 6652913 6652913 6652913 6652913 6652913 6652913 6652913 6652913 6652913 6652913 6652913 6652913 6652913 6652913 6652913 6652913 6652913 6652913 6652913 6652913 6652913 6652913 6652913 6652913 6652913 6652913 6652913 6652913 6652913 6652913 6652913 6652913 6652913 6652913 6652906 6652906 6652906 
Case #74: 6
1 1 1 1 1 1 0 0 0 0 0 0 0 0 0 0 0 0 0 0 0 0 0 0 0 0 0 0 0 0 0 0 0 0 0 0 0 0 0 0 0 0 0 0 0 0 0 0 0 0 0 0 0 0 0 0 0 0 0 0 0 0 0 0 0 0 0 0 0 0 0 0 0 0 0 0 0 0 0 0 0 0 0 0 0 0 0 0 0 0 0 0 0 0 0 0 0 0 0 0 0 0 0 0 0 0 0 0 0 0 0 0 0 0 0 0 0 0 0 0 0 0 0 0 0 0 0 0 0 0 0 0 0 
Case #75: 2
1 1 0 0 0 0 0 0 0 0 0 0 
Case #76: 977265346
17768461 17768461 17768461 17768461 17768461 17768461 17768461 17768461 17768461 17768461 17768461 17768461 17768461 17768461 17768461 17768461 17768461 17768461 17768461 17768461 17768461 17768461 17768461 17768461 17768461 17768461 17768461 17768461 17768461 17768461 17768461 17768461 17768461 17768461 17768461 17768461 17768461 17768461 17768461 17768461 17768461 17768461 17768461 17768461 17768461 17768461 17768460 17768460 17768460 17768460 17768460 17768460 17768460 17768460 17768460 
Case #77: 9999091
10000 10000 10000 10000 10000 10000 10000 10000 10000 10000 10000 10000 10000 10000 10000 10000 10000 10000 10000 10000 10000 10000 10000 10000 10000 10000 10000 10000 10000 10000 10000 10000 10000 10000 10000 10000 10000 10000 10000 10000 10000 10000 10000 10000 10000 10000 10000 10000 10000 10000 10000 10000 10000 10000 10000 10000 10000 10000 10000 10000 10000 10000 10000 10000 10000 10000 10000 10000 10000 10000 10000 10000 10000 10000 10000 10000 10000 10000 10000 10000 10000 10000 10000 10000 10000 10000 10000 10000 10000 10000 10000 10000 10000 10000 10000 10000 10000 10000 10000 10000 10000 10000 10000 10000 10000 10000 10000 10000 10000 10000 10000 10000 10000 10000 10000 10000 10000 10000 10000 10000 10000 10000 10000 10000 10000 10000 10000 10000 10000 10000 10000 10000 10000 10000 10000 10000 10000 10000 10000 10000 10000 10000 10000 10000 10000 10000 10000 10000 10000 10000 10000 10000 10000 10000 10000 10000 10000 10000 10000 10000 10000 10000 10000 10000 10000 10000 10000 10000 10000 10000 10000 10000 10000 10000 10000 10000 10000 10000 10000 10000 10000 10000 10000 10000 10000 10000 10000 10000 10000 10000 10000 10000 10000 10000 10000 10000 10000 10000 10000 10000 10000 10000 10000 10000 10000 10000 10000 10000 10000 10000 10000 10000 10000 10000 10000 10000 10000 10000 10000 10000 10000 10000 10000 10000 10000 10000 10000 10000 10000 10000 10000 10000 10000 10000 10000 10000 10000 10000 10000 10000 10000 10000 10000 10000 10000 10000 10000 10000 10000 10000 10000 10000 10000 10000 10000 10000 10000 10000 10000 10000 10000 10000 10000 10000 10000 10000 10000 10000 10000 10000 10000 10000 10000 10000 10000 10000 10000 10000 10000 10000 10000 10000 10000 10000 10000 10000 10000 10000 10000 10000 10000 10000 10000 10000 10000 10000 10000 10000 10000 10000 10000 10000 10000 10000 10000 10000 10000 10000 10000 10000 10000 10000 10000 10000 10000 10000 10000 10000 10000 10000 10000 10000 10000 10000 10000 10000 10000 10000 10000 10000 10000 10000 10000 10000 10000 10000 10000 10000 10000 10000 10000 10000 10000 10000 10000 10000 10000 10000 10000 10000 10000 10000 10000 10000 10000 10000 10000 10000 10000 10000 10000 10000 10000 10000 10000 10000 10000 10000 10000 10000 10000 10000 10000 10000 10000 10000 10000 10000 10000 10000 10000 10000 10000 10000 10000 10000 10000 10000 10000 10000 10000 10000 10000 10000 10000 10000 10000 10000 10000 10000 10000 10000 10000 10000 10000 10000 10000 10000 10000 10000 10000 10000 10000 10000 10000 10000 10000 10000 10000 10000 10000 10000 10000 10000 10000 10000 10000 10000 10000 10000 10000 10000 10000 10000 10000 10000 10000 10000 10000 10000 10000 10000 10000 10000 10000 10000 10000 10000 10000 10000 10000 10000 10000 10000 10000 10000 10000 10000 10000 10000 10000 10000 10000 10000 10000 10000 10000 10000 10000 10000 10000 10000 10000 10000 10000 10000 10000 10000 10000 10000 10000 10000 10000 10000 10000 10000 10000 10000 10000 10000 10000 10000 10000 10000 10000 10000 10000 10000 10000 10000 10000 10000 10000 10000 10000 10000 10000 10000 10000 10000 10000 10000 10000 10000 10000 10000 10000 10000 10000 10000 10000 10000 10000 10000 10000 10000 10000 10000 10000 10000 10000 10000 10000 10000 10000 10000 10000 10000 10000 10000 10000 10000 10000 10000 10000 10000 10000 10000 10000 10000 10000 10000 10000 10000 10000 10000 10000 10000 10000 10000 10000 10000 10000 10000 10000 10000 10000 10000 10000 10000 10000 10000 10000 10000 10000 10000 10000 10000 10000 10000 10000 10000 10000 10000 10000 10000 10000 10000 10000 10000 10000 10000 10000 10000 10000 10000 10000 10000 10000 10000 10000 10000 10000 10000 10000 10000 10000 10000 10000 10000 10000 10000 10000 10000 10000 10000 10000 10000 10000 10000 10000 10000 10000 10000 10000 10000 10000 10000 10000 10000 10000 10000 10000 10000 10000 10000 10000 10000 10000 10000 10000 10000 10000 10000 10000 10000 10000 10000 10000 10000 10000 10000 10000 10000 10000 10000 10000 10000 10000 10000 10000 10000 10000 10000 10000 10000 10000 10000 10000 10000 10000 10000 10000 10000 10000 10000 10000 10000 10000 10000 10000 10000 10000 10000 10000 10000 10000 10000 10000 10000 10000 10000 10000 10000 10000 10000 10000 10000 10000 10000 10000 10000 10000 10000 10000 10000 10000 10000 10000 10000 10000 10000 10000 10000 10000 10000 10000 10000 10000 10000 10000 10000 10000 10000 10000 10000 10000 10000 10000 10000 10000 10000 10000 10000 10000 10000 10000 10000 10000 10000 10000 10000 10000 10000 10000 10000 10000 10000 10000 10000 10000 10000 10000 10000 10000 10000 10000 10000 10000 10000 10000 10000 10000 10000 10000 10000 10000 10000 10000 10000 10000 10000 10000 10000 10000 10000 10000 10000 10000 10000 10000 10000 10000 10000 10000 10000 10000 10000 10000 10000 10000 10000 10000 10000 10000 10000 10000 10000 10000 10000 10000 10000 10000 10000 10000 10000 10000 10000 10000 10000 10000 10000 10000 10000 10000 10000 10000 10000 10000 10000 10000 10000 10000 10000 10000 10000 10000 10000 10000 10000 10000 10000 10000 10000 10000 10000 10000 10000 10000 10000 10000 10000 10000 10000 10000 10000 10000 10000 10000 10000 10000 10000 10000 10000 10000 10000 10000 10000 10000 10000 10000 10000 10000 10000 10000 10000 10000 10000 10000 10000 10000 10000 10000 10000 10000 10000 10000 10000 10000 10000 10000 10000 10000 10000 10000 10000 10000 10000 10000 10000 10000 10000 10000 10000 10000 10000 10000 10000 10000 10000 10000 10000 10000 10000 10000 10000 10000 10000 10000 10000 10000 10000 10000 10000 10000 10000 10000 10000 10000 10000 10000 10000 10000 10000 10000 10000 10000 10000 10000 10000 10000 10000 10000 10000 10000 10000 10000 10000 10000 10000 10000 10000 10000 10000 10000 10000 10000 10000 10000 10000 10000 10000 10000 10000 10000 10000 10000 10000 10000 10000 10000 10000 10000 10000 10000 10000 10000 10000 10000 10000 10000 10000 10000 10000 10000 10000 10000 10000 10000 10000 10000 10000 10000 10000 10000 10000 10000 10000 10000 10000 10000 10000 10000 10000 10000 10000 10000 10000 10000 9091 
Case #78: 104977
568 568 568 568 568 568 568 568 568 568 568 568 568 568 568 568 568 568 568 568 568 568 568 568 568 568 568 568 568 568 568 568 568 568 568 568 568 568 568 568 568 568 568 568 568 568 568 568 568 568 568 568 568 568 568 568 568 568 568 568 568 568 568 568 568 568 568 568 568 568 568 568 568 568 568 568 568 568 568 568 568 568 567 567 567 567 567 567 567 567 567 567 567 567 567 567 567 567 567 567 567 567 567 567 567 567 567 567 567 567 567 567 567 567 567 567 567 567 567 567 567 567 567 567 567 567 567 567 567 567 567 567 567 567 567 567 567 567 567 567 567 567 567 567 567 567 567 567 567 567 567 567 567 567 567 567 567 567 567 567 567 567 567 567 567 567 567 567 567 567 567 567 567 567 567 567 567 567 567 567 567 567 567 567 567 
Case #79: 668002328
668670 668670 668670 668670 668670 668670 668670 668670 668670 668670 668670 668670 668670 668670 668670 668670 668670 668670 668670 668670 668670 668670 668670 668670 668670 668670 668670 668670 668670 668670 668670 668670 668670 668670 668670 668670 668670 668670 668670 668670 668670 668670 668670 668670 668670 668670 668670 668670 668670 668670 668670 668670 668670 668670 668670 668670 668670 668670 668670 668670 668670 668670 668670 668670 668670 668670 668670 668670 668670 668670 668670 668670 668670 668670 668670 668670 668670 668670 668670 668670 668670 668670 668670 668670 668670 668670 668670 668670 668670 668670 668670 668670 668670 668670 668670 668670 668670 668670 668670 668670 668670 668670 668670 668670 668670 668670 668670 668670 668670 668670 668670 668670 668670 668670 668670 668670 668670 668670 668670 668670 668670 668670 668670 668670 668670 668670 668670 668670 668670 668670 668670 668670 668670 668670 668670 668670 668670 668670 668670 668670 668670 668670 668670 668670 668670 668670 668670 668670 668670 668670 668670 668670 668670 668670 668670 668670 668670 668670 668670 668670 668670 668670 668670 668670 668670 668670 668670 668670 668670 668670 668670 668670 668670 668670 668670 668670 668670 668670 668670 668670 668670 668670 668670 668670 668670 668670 668670 668670 668670 668670 668670 668670 668670 668670 668670 668670 668670 668670 668670 668670 668670 668670 668670 668670 668670 668670 668670 668670 668670 668670 668670 668670 668670 668670 668670 668670 668670 668670 668670 668670 668670 668670 668670 668670 668670 668670 668670 668670 668670 668670 668670 668670 668670 668670 668670 668670 668670 668670 668670 668670 668670 668670 668670 668670 668670 668670 668670 668670 668670 668670 668670 668670 668670 668670 668670 668670 668670 668670 668670 668670 668670 668670 668670 668670 668670 668670 668670 668670 668670 668670 668670 668670 668670 668670 668670 668670 668670 668670 668670 668670 668670 668670 668670 668670 668670 668670 668670 668670 668670 668670 668670 668670 668670 668670 668670 668670 668670 668670 668670 668670 668670 668670 668670 668670 668670 668670 668670 668670 668670 668670 668670 668670 668670 668670 668670 668670 668670 668670 668670 668670 668670 668670 668670 668670 668670 668670 668670 668670 668670 668670 668670 668670 668670 668670 668670 668670 668670 668670 668670 668670 668670 668670 668670 668670 668670 668670 668670 668670 668670 668670 668670 668670 668670 668670 668670 668670 668670 668670 668670 668670 668670 668670 668670 668670 668670 668670 668670 668670 668670 668670 668670 668670 668670 668670 668670 668670 668670 668670 668670 668670 668670 668670 668670 668670 668670 668670 668670 668670 668670 668670 668670 668670 668670 668670 668670 668670 668670 668670 668670 668670 668670 668670 668670 668670 668670 668670 668670 668670 668670 668670 668670 668670 668670 668670 668670 668670 668670 668670 668670 668670 668670 668670 668670 668670 668670 668670 668670 668670 668670 668670 668670 668670 668670 668670 668670 668670 668670 668670 668670 668670 668670 668670 668670 668670 668670 668670 668670 668670 668670 668670 668670 668670 668670 668670 668670 668670 668670 668670 668670 668670 668670 668670 668670 668670 668670 668670 668670 668670 668670 668670 668670 668670 668670 668670 668670 668670 668670 668670 668670 668670 668670 668670 668670 668670 668670 668670 668670 668670 668670 668670 668670 668670 668670 668670 668670 668670 668670 668670 668670 668670 668670 668670 668670 668670 668670 668670 668670 668670 668670 668670 668670 668670 668670 668670 668670 668670 668670 668670 668670 668670 668670 668670 668670 668670 668670 668670 668670 668670 668670 668670 668670 668670 668670 668670 668670 668670 668670 668670 668670 668670 668670 668670 668670 668670 668670 668670 668670 668670 668670 668670 668670 668670 668670 668670 668670 668670 668670 668670 668670 668670 668670 668670 668670 668670 668670 668670 668670 668670 668670 668670 668670 668670 668670 668670 668670 668670 668670 668670 668670 668670 668670 668670 668670 668670 668670 668670 668670 668670 668670 668670 668670 668670 668670 668670 668670 668670 668670 668670 668670 668670 668670 668670 668670 668670 668670 668670 668670 668670 668670 668670 668670 668670 668670 668670 668670 668670 668670 668670 668670 668670 668670 668670 668670 668670 668670 668670 668670 668670 668670 668670 668670 668670 668670 668670 668670 668670 668670 668670 668670 668670 668670 668670 668670 668670 668670 668670 668670 668670 668670 668670 668670 668670 668670 668670 668670 668670 668670 668670 668670 668670 668670 668670 668670 668670 668670 668670 668670 668670 668670 668670 668670 668670 668670 668670 668670 668670 668670 668670 668670 668670 668670 668670 668670 668670 668670 668670 668670 668670 668670 668670 668670 668670 668670 668670 668670 668670 668670 668670 668670 668670 668670 668670 668670 668670 668670 668670 668670 668670 668670 668670 668670 668670 668670 668670 668670 668670 668670 668670 668670 668670 668670 668670 668670 668670 668670 668670 668670 668670 668670 668670 668670 668670 668670 668670 668670 668670 668670 668670 668670 668670 668670 668670 668670 668670 668670 668670 668670 668670 668670 668670 668670 668670 668670 668670 668670 668670 668670 668670 668670 668670 668670 668670 668670 668670 668670 668670 668670 668670 668670 668670 668670 668670 668670 668670 668670 668670 668670 668670 668670 668670 668670 668670 668670 668670 668670 668670 668670 668670 668670 668670 668670 668670 668670 668670 668670 668670 668670 668670 668670 668670 668670 668670 668670 668670 668670 668670 668670 668670 668670 668670 668670 668670 668670 668670 668670 668670 668670 668670 668670 668670 668670 668670 668670 668670 668670 668670 668670 668670 668670 668670 668670 668670 668670 668670 668670 668670 668670 668670 668670 668670 668670 668670 668670 668670 668670 668670 668670 668670 668670 668670 668670 668670 668670 668670 668670 668670 668670 668670 668670 668670 668670 668670 668670 668670 668670 668670 668670 668670 668670 668670 668670 668670 668670 668670 668670 668670 668670 668670 668670 668670 668670 668670 668670 668670 668670 668670 668670 668670 668670 668670 668670 668670 668670 668670 668670 668670 668670 668670 668670 668670 668670 668670 668670 668670 668670 668670 668670 668670 668670 668670 668670 668670 668670 668670 668670 668670 668670 668670 668670 668670 668670 668670 668670 668670 668670 668670 668670 668670 668670 668670 668670 668670 668670 668670 668670 668670 668670 668670 668670 668670 668670 668670 668670 668670 668670 668670 668670 668670 668670 668670 668670 668670 668670 668670 668670 668670 668670 668670 668670 668670 668670 668670 668670 668670 668670 668670 668670 668670 668670 668670 668670 668670 668670 668670 668670 668670 668670 668670 668670 668670 668670 668670 668670 668670 668670 668670 668670 668670 668670 668670 668670 668670 668670 668670 668670 668670 668670 668670 668670 998 
Case #80: 17670856
184072 184072 184072 184072 184072 184072 184072 184072 184072 184072 184072 184072 184072 184072 184072 184072 184072 184072 184072 184072 184072 184072 184072 184072 184072 184072 184072 184072 184072 184072 184072 184072 184072 184072 184072 184072 184072 184072 184072 184072 184071 184071 184071 184071 184071 184071 184071 184071 184071 184071 184071 184071 184071 184071 184071 184071 184071 184071 184071 184071 184071 184071 184071 184071 184071 184071 184071 184071 184071 184071 184071 184071 184071 184071 184071 184071 184071 184071 184071 184071 184071 184071 184071 184071 184071 184071 184071 184071 184071 184071 184071 184071 184071 184071 184071 184071 
Case #81: 57
9 9 9 9 9 9 3 0 
Case #82: 6184651
6197 6197 6197 6197 6197 6197 6197 6197 6197 6197 6197 6197 6197 6197 6197 6197 6197 6197 6197 6197 6197 6197 6197 6197 6197 6197 6197 6197 6197 6197 6197 6197 6197 6197 6197 6197 6197 6197 6197 6197 6197 6197 6197 6197 6197 6197 6197 6197 6197 6197 6197 6197 6197 6197 6197 6197 6197 6197 6197 6197 6197 6197 6197 6197 6197 6197 6197 6197 6197 6197 6197 6197 6197 6197 6197 6197 6197 6197 6197 6197 6197 6197 6197 6197 6197 6197 6197 6197 6197 6197 6197 6197 6197 6197 6197 6197 6197 6197 6197 6197 6197 6197 6197 6197 6197 6197 6197 6197 6197 6197 6197 6197 6197 6197 6197 6197 6197 6197 6197 6197 6197 6197 6197 6197 6197 6197 6197 6197 6197 6197 6197 6197 6197 6197 6197 6197 6197 6197 6197 6197 6197 6197 6197 6197 6197 6197 6197 6197 6197 6197 6197 6197 6197 6197 6197 6197 6197 6197 6197 6197 6197 6197 6197 6197 6197 6197 6197 6197 6197 6197 6197 6197 6197 6197 6197 6197 6197 6197 6197 6197 6197 6197 6197 6197 6197 6197 6197 6197 6197 6197 6197 6197 6197 6197 6197 6197 6197 6197 6197 6197 6197 6197 6197 6197 6197 6197 6197 6197 6197 6197 6197 6197 6197 6197 6197 6197 6197 6197 6197 6197 6197 6197 6197 6197 6197 6197 6197 6197 6197 6197 6197 6197 6197 6197 6197 6197 6197 6197 6197 6197 6197 6197 6197 6197 6197 6197 6197 6197 6197 6197 6197 6197 6197 6197 6197 6197 6197 6197 6197 6197 6197 6197 6197 6197 6197 6197 6197 6197 6197 6197 6197 6197 6197 6197 6197 6197 6197 6197 6197 6197 6197 6197 6197 6197 6197 6197 6197 6197 6197 6197 6197 6197 6197 6197 6197 6197 6197 6197 6197 6197 6197 6197 6197 6197 6197 6197 6197 6197 6197 6197 6197 6197 6197 6197 6197 6197 6197 6197 6197 6197 6197 6197 6197 6197 6197 6197 6197 6197 6197 6197 6197 6197 6197 6197 6197 6197 6197 6197 6197 6197 6197 6197 6197 6197 6197 6197 6197 6197 6197 6197 6197 6197 6197 6197 6197 6197 6197 6197 6197 6197 6197 6197 6197 6197 6197 6197 6197 6197 6197 6197 6197 6197 6197 6197 6197 6197 6197 6197 6197 6197 6197 6197 6197 6197 6197 6197 6197 6197 6197 6197 6197 6197 6197 6197 6197 6197 6197 6197 6197 6197 6197 6197 6197 6197 6197 6197 6197 6197 6197 6197 6197 6197 6197 6197 6197 6197 6197 6197 6197 6197 6197 6197 6197 6197 6197 6197 6197 6197 6197 6197 6197 6197 6197 6197 6197 6197 6197 6197 6197 6197 6197 6197 6197 6197 6197 6197 6197 6197 6197 6197 6197 6197 6197 6197 6197 6197 6197 6197 6197 6197 6197 6197 6197 6197 6197 6197 6197 6197 6197 6197 6197 6197 6197 6197 6197 6197 6197 6197 6197 6197 6197 6197 6197 6197 6197 6197 6197 6197 6197 6197 6197 6197 6197 6197 6197 6197 6197 6197 6197 6197 6197 6197 6197 6197 6197 6197 6197 6197 6197 6197 6197 6197 6197 6197 6197 6197 6197 6197 6197 6197 6197 6197 6197 6197 6197 6197 6197 6197 6197 6197 6197 6197 6197 6197 6197 6197 6197 6197 6197 6197 6197 6197 6197 6197 6197 6197 6197 6197 6197 6197 6197 6197 6197 6197 6197 6197 6197 6197 6197 6197 6197 6197 6197 6197 6197 6197 6197 6197 6197 6197 6197 6197 6197 6197 6197 6197 6197 6197 6197 6197 6197 6197 6197 6197 6197 6197 6197 6197 6197 6197 6197 6197 6197 6197 6197 6197 6197 6197 6197 6197 6197 6197 6197 6197 6197 6197 6197 6197 6197 6197 6197 6197 6197 6197 6197 6197 6197 6197 6197 6197 6197 6197 6197 6197 6197 6197 6197 6197 6197 6197 6197 6197 6197 6197 6197 6197 6197 6197 6197 6197 6197 6197 6197 6197 6197 6197 6197 6197 6197 6197 6197 6197 6197 6197 6197 6197 6197 6197 6197 6197 6197 6197 6197 6197 6197 6197 6197 6197 6197 6197 6197 6197 6197 6197 6197 6197 6197 6197 6197 6197 6197 6197 6197 6197 6197 6197 6197 6197 6197 6197 6197 6197 6197 6197 6197 6197 6197 6197 6197 6197 6197 6197 6197 6197 6197 6197 6197 6197 6197 6197 6197 6197 6197 6197 6197 6197 6197 6197 6197 6197 6197 6197 6197 6197 6197 6197 6197 6197 6197 6197 6197 6197 6197 6197 6197 6197 6197 6197 6197 6197 6197 6197 6197 6197 6197 6197 6197 6197 6197 6197 6197 6197 6197 6197 6197 6197 6197 6197 6197 6197 6197 6197 6197 6197 6197 6197 6197 6197 6197 6197 6197 6197 6197 6197 6197 6197 6197 6197 6197 6197 6197 6197 6197 6197 6197 6197 6197 6197 6197 6197 6197 6197 6197 6197 6197 6197 6197 6197 6197 6197 6197 6197 6197 6197 6197 6197 6197 6197 6197 6197 6197 6197 6197 6197 6197 6197 6197 6197 6197 6197 6197 6197 6197 6197 6197 6197 6197 6197 6197 6197 6197 6197 6197 6197 6197 6197 6197 6197 6197 6197 6197 6197 6197 6197 6197 6197 6197 6197 6197 6197 6197 6197 6197 6197 6197 6197 6197 6197 6197 6197 6197 6197 6197 6197 6197 6197 6197 6197 6197 6197 6197 6197 6197 6197 6197 6197 6197 6197 6197 6197 6197 6197 6197 6197 6197 6197 6197 6197 6197 6197 6197 6197 6197 6197 6197 6197 6197 6197 6197 6197 6197 6197 6197 6197 6197 6197 6197 6197 6197 6197 6197 6197 6197 6197 6197 6197 6197 6197 6197 6197 6197 6197 6197 6197 6197 6197 6197 6197 6197 6197 6197 6197 6197 6197 6197 6197 6197 6197 6197 6197 6197 6197 6197 6197 6197 6197 6197 6197 6197 6197 6197 6197 6197 6197 6197 6197 6197 6197 6197 6197 6197 6197 6197 6197 6197 6197 6197 6197 6197 6197 6197 6197 6197 6197 6197 6197 6197 6197 6197 6197 6197 6197 6197 6197 6197 6197 6197 6197 6197 6197 6197 6197 6197 6197 6197 6197 6197 6197 45 0 
Case #83: 2
2 0 0 0 0 0 0 0 0 0 0 0 0 0 0 0 0 0 0 0 0 0 0 0 0 0 0 0 0 0 0 0 0 0 0 0 0 0 0 0 0 0 0 0 0 0 0 0 0 0 0 0 0 0 0 0 0 0 0 0 0 0 0 0 0 0 0 0 0 0 0 0 0 0 0 0 0 0 0 0 0 0 0 0 0 0 0 0 0 0 0 0 0 0 0 0 0 0 0 0 0 0 0 0 0 0 0 0 0 0 0 0 0 0 0 0 0 0 0 0 0 0 0 0 0 0 0 0 0 0 0 0 0 0 0 0 0 0 0 0 0 0 0 0 0 0 0 0 0 0 0 0 0 0 0 0 0 0 0 0 0 0 0 0 0 0 0 0 0 0 0 0 0 0 0 0 0 0 0 0 0 0 0 0 0 0 0 0 0 0 0 0 0 0 0 0 0 0 0 0 0 0 0 0 0 0 0 0 0 0 0 0 0 0 0 0 0 0 0 0 0 0 0 0 0 0 0 0 0 0 0 0 0 0 0 0 0 0 0 0 0 0 0 0 0 0 0 0 0 0 0 0 0 0 0 0 0 0 0 0 0 0 0 0 0 0 0 0 0 0 0 0 0 0 0 0 0 0 0 0 0 0 0 0 0 0 0 0 0 0 0 
Case #84: 25
1 1 1 1 1 1 1 1 1 1 1 1 1 1 1 1 1 1 1 1 1 1 1 1 1 0 0 0 0 0 0 0 0 0 0 0 0 0 0 0 0 0 0 0 0 0 0 0 0 0 0 0 0 0 0 0 0 0 0 0 0 0 0 0 0 0 0 0 0 0 0 0 0 0 0 0 0 0 0 0 0 0 0 0 0 0 0 0 0 0 0 0 0 0 0 0 0 0 0 0 0 0 0 0 0 0 0 0 0 0 0 0 0 0 0 0 0 0 0 0 0 0 0 0 0 0 0 0 0 0 0 0 0 0 0 0 0 0 0 0 0 0 0 0 0 0 0 0 
Case #85: 27240
1816 1816 1816 1816 1816 1816 1816 1816 1816 1816 1816 1816 1816 1816 1816 0 0 0 0 0 
Case #86: 20
3 3 3 3 3 3 2 0 
Case #87: 4326084
240338 240338 240338 240338 240338 240338 240338 240338 240338 240338 240338 240338 240338 240338 240338 240338 240338 240338 
Case #88: 8224
21 21 21 21 21 21 21 21 21 21 21 21 21 21 21 21 21 21 21 21 21 21 21 21 21 21 21 21 21 21 21 21 21 21 21 21 21 21 21 21 21 21 21 21 21 21 21 21 21 21 21 21 21 21 21 21 21 21 21 21 21 21 21 21 21 21 21 21 21 21 21 21 21 21 21 21 21 21 21 21 21 21 21 21 21 21 21 21 21 21 21 21 21 21 21 21 21 21 21 21 21 21 21 21 21 21 21 21 21 21 21 21 21 21 21 21 21 21 21 21 21 21 21 21 21 21 21 21 21 21 21 21 21 21 21 21 21 21 21 21 21 21 21 21 21 21 21 21 21 21 21 21 21 21 21 21 21 21 21 21 21 21 21 21 21 21 21 21 21 21 21 21 21 21 21 21 21 21 21 21 21 21 21 21 21 21 21 21 21 21 21 21 21 21 21 21 21 21 21 21 21 21 21 21 21 21 21 21 21 21 21 21 21 21 21 21 21 21 21 21 21 21 21 21 21 21 21 21 21 21 21 21 21 21 21 21 21 21 21 21 21 21 21 21 21 21 21 21 21 21 21 21 21 21 21 21 21 21 21 21 21 21 21 21 21 21 21 21 21 21 21 21 21 21 21 21 21 21 21 21 21 21 21 21 21 21 21 21 21 21 21 21 21 21 21 21 21 21 21 21 21 21 21 21 21 21 21 21 21 21 21 21 21 21 21 21 21 21 21 21 21 21 21 21 21 21 21 21 21 21 21 21 21 21 21 21 21 21 21 21 21 21 21 21 21 21 21 21 21 21 21 21 21 21 21 21 21 21 21 21 21 21 21 21 21 21 21 21 21 21 21 21 21 21 21 21 21 21 21 21 21 21 21 21 21 21 21 21 21 19 18 18 
Case #89: 1170383372
5295853 5295853 5295853 5295853 5295853 5295853 5295853 5295853 5295853 5295853 5295853 5295853 5295853 5295853 5295853 5295853 5295853 5295853 5295853 5295853 5295853 5295853 5295853 5295853 5295853 5295853 5295853 5295853 5295853 5295853 5295853 5295853 5295853 5295853 5295853 5295853 5295853 5295853 5295853 5295853 5295853 5295853 5295853 5295853 5295853 5295853 5295853 5295853 5295853 5295853 5295853 5295853 5295853 5295853 5295853 5295853 5295853 5295853 5295853 5295853 5295853 5295853 5295853 5295853 5295853 5295853 5295853 5295853 5295853 5295853 5295853 5295853 5295853 5295853 5295853 5295853 5295853 5295853 5295853 5295853 5295852 5295852 5295852 5295852 5295852 5295852 5295852 5295852 5295852 5295852 5295852 5295852 5295852 5295852 5295852 5295852 5295852 5295852 5295852 5295852 5295852 5295852 5295852 5295852 5295852 5295852 5295852 5295852 5295852 5295852 5295852 5295852 5295852 5295852 5295852 5295852 5295852 5295852 5295852 5295852 5295852 5295852 5295852 5295852 5295852 5295852 5295852 5295852 5295852 5295852 5295852 5295852 5295852 5295852 5295852 5295852 5295852 5295852 5295852 5295852 5295852 5295852 5295852 5295852 5295852 5295852 5295852 5295852 5295852 5295852 5295852 5295852 5295852 5295852 5295852 5295852 5295852 5295852 5295852 5295852 5295852 5295852 5295852 5295852 5295852 5295852 5295852 5295852 5295852 5295852 5295852 5295852 5295852 5295852 5295852 5295852 5295852 5295852 5295852 5295852 5295852 5295852 5295852 5295852 5295852 5295852 5295852 5295852 5295852 5295852 5295852 5295852 5295852 5295852 5295852 5295852 5295852 5295852 5295852 5295852 5295852 5295852 5295852 5295852 5295852 5295852 5295852 5295852 5295852 5295852 5295852 5295852 5295852 5295852 5295852 5295852 5295852 5295852 5295852 5295852 5295852 
Case #90: 1541114
1797 1797 1797 1797 1797 1797 1797 1797 1797 1797 1797 1797 1797 1797 1797 1797 1797 1797 1797 1797 1797 1797 1797 1797 1797 1797 1797 1797 1797 1797 1797 1797 1797 1797 1797 1797 1797 1797 1797 1797 1797 1797 1797 1797 1797 1797 1797 1797 1797 1797 1797 1797 1797 1797 1797 1797 1797 1797 1797 1797 1797 1797 1797 1797 1797 1797 1797 1797 1797 1797 1797 1797 1797 1797 1797 1797 1797 1797 1797 1797 1797 1797 1797 1797 1797 1797 1797 1797 1797 1797 1797 1797 1797 1797 1797 1797 1797 1797 1797 1797 1797 1797 1797 1797 1797 1797 1797 1797 1797 1797 1797 1797 1797 1797 1797 1797 1797 1797 1797 1797 1797 1797 1797 1797 1797 1797 1797 1797 1797 1797 1797 1797 1797 1797 1797 1797 1797 1797 1797 1797 1797 1797 1797 1797 1797 1797 1797 1797 1797 1797 1797 1797 1797 1797 1797 1797 1797 1797 1797 1797 1797 1797 1797 1797 1797 1797 1797 1797 1797 1797 1797 1797 1797 1797 1797 1797 1797 1797 1797 1797 1797 1797 1797 1797 1797 1797 1797 1797 1797 1797 1797 1797 1797 1797 1797 1797 1797 1797 1797 1797 1797 1797 1797 1797 1797 1797 1797 1797 1797 1797 1797 1797 1797 1797 1797 1797 1797 1797 1797 1797 1797 1797 1797 1797 1797 1797 1797 1797 1797 1797 1797 1797 1797 1797 1797 1797 1797 1797 1797 1797 1797 1797 1797 1797 1797 1797 1797 1797 1797 1797 1797 1797 1797 1797 1797 1797 1797 1797 1797 1797 1797 1797 1797 1797 1797 1797 1797 1797 1797 1797 1797 1797 1797 1797 1797 1797 1797 1797 1797 1797 1797 1797 1797 1797 1797 1797 1797 1797 1797 1797 1797 1797 1797 1797 1797 1797 1797 1797 1797 1797 1797 1797 1797 1797 1797 1797 1797 1797 1797 1797 1797 1797 1797 1797 1797 1797 1797 1797 1797 1797 1797 1797 1797 1797 1797 1797 1797 1797 1797 1797 1797 1797 1797 1797 1797 1797 1797 1797 1797 1797 1797 1797 1797 1797 1797 1797 1797 1797 1797 1797 1797 1797 1797 1797 1797 1797 1797 1797 1797 1797 1797 1797 1797 1797 1797 1797 1797 1797 1797 1797 1797 1797 1797 1797 1797 1797 1797 1797 1797 1797 1797 1797 1797 1797 1797 1797 1797 1797 1797 1797 1797 1797 1797 1797 1797 1797 1797 1797 1797 1797 1797 1797 1797 1797 1797 1797 1797 1797 1797 1797 1797 1797 1797 1797 1797 1797 1797 1797 1797 1797 1797 1797 1797 1797 1797 1797 1797 1797 1797 1797 1797 1797 1797 1797 1797 1797 1797 1797 1797 1797 1797 1797 1797 1797 1797 1797 1797 1797 1797 1797 1797 1797 1797 1797 1797 1797 1797 1797 1797 1797 1797 1797 1797 1797 1797 1797 1797 1797 1797 1797 1797 1797 1797 1797 1797 1797 1797 1797 1797 1797 1797 1797 1797 1797 1797 1797 1797 1797 1797 1797 1797 1797 1797 1797 1797 1797 1797 1797 1797 1797 1797 1797 1797 1797 1797 1797 1797 1797 1797 1797 1797 1797 1797 1797 1797 1797 1797 1797 1797 1797 1797 1797 1797 1797 1797 1797 1797 1797 1797 1797 1797 1797 1797 1797 1797 1797 1797 1797 1797 1797 1797 1797 1797 1797 1797 1797 1797 1797 1797 1797 1797 1797 1797 1797 1797 1797 1797 1797 1797 1797 1797 1797 1797 1797 1797 1797 1797 1797 1797 1797 1797 1797 1797 1797 1797 1797 1797 1797 1797 1797 1797 1797 1797 1797 1797 1797 1797 1797 1797 1797 1797 1797 1797 1797 1797 1797 1797 1797 1797 1797 1797 1797 1797 1797 1797 1797 1797 1797 1797 1797 1797 1797 1797 1797 1797 1797 1797 1797 1797 1797 1797 1797 1797 1797 1797 1797 1797 1797 1797 1797 1797 1797 1797 1797 1797 1797 1797 1797 1797 1797 1797 1797 1797 1797 1797 1797 1797 1797 1797 1797 1797 1797 1797 1797 1797 1797 1797 1797 1797 1797 1797 1797 1797 1797 1797 1797 1797 1797 1797 1797 1797 1797 1797 1797 1797 1797 1797 1797 1797 1797 1797 1797 1797 1797 1797 1797 1797 1797 1797 1797 1797 1797 1797 1797 1797 1797 1797 1797 1797 1797 1797 1797 1797 1797 1797 1797 1797 1797 1797 1797 1797 1797 1797 1797 1797 1797 1797 1797 1797 1797 1797 1797 1797 1797 1797 1797 1797 1797 1797 1797 1797 1797 1797 1797 1797 1797 1797 1797 1797 1797 1797 1797 1797 1797 1797 1797 1797 1797 1797 1797 1797 1797 1797 1797 1797 1797 1797 1797 1797 1797 1797 1797 1797 1797 1797 1797 1797 1797 1797 1797 1797 1797 1797 1797 1797 1797 1797 1797 1797 1797 1797 1797 1797 1797 1797 1797 1797 1797 1797 1797 1797 1797 1797 1797 1797 1797 1797 1797 1797 1797 1797 1797 1797 1797 1797 1797 1797 1797 1797 1797 1797 1797 1797 1797 1797 1797 1797 1797 1797 1797 1797 1797 1797 1797 1797 1797 1797 1797 1797 1797 1797 1797 1797 1797 1797 1797 1797 1797 1797 1797 1797 1797 1797 1797 1797 1797 1797 1797 1797 1797 1797 1797 1797 1797 1797 1796 1796 1087 
Case #91: 3571098
142844 142844 142844 142844 142844 142844 142844 142844 142844 142844 142844 142844 142844 142844 142844 142844 142844 142844 142844 142844 142844 142844 142844 142843 142843 
Case #92: 30612
86 86 86 86 86 86 86 86 86 86 86 86 86 86 86 86 86 86 86 86 86 86 86 86 86 86 86 86 86 86 86 86 86 86 86 86 86 86 86 86 86 86 86 86 86 86 86 86 86 86 86 86 86 86 86 86 86 86 86 86 86 86 86 86 86 86 86 86 86 86 86 86 86 86 86 86 86 86 86 86 86 86 86 86 86 86 86 86 86 86 86 86 86 86 86 86 86 86 86 86 86 86 86 86 86 86 86 86 86 86 86 86 86 86 86 86 86 86 86 86 86 86 86 86 86 86 86 86 86 86 86 86 86 86 86 86 86 86 86 86 86 86 86 86 86 86 86 86 86 86 86 86 86 86 86 86 86 86 86 86 86 86 86 86 86 86 86 86 86 86 86 86 86 86 86 86 86 86 86 86 86 86 86 86 86 86 86 86 86 86 86 86 86 86 86 86 86 86 86 86 86 86 86 86 86 86 86 86 86 86 86 86 86 86 86 86 86 86 86 86 86 86 86 86 86 86 86 86 86 86 86 86 86 86 86 86 86 86 86 86 86 86 86 86 86 86 86 86 86 86 86 86 86 86 86 86 86 86 86 86 86 86 86 86 86 86 86 86 86 86 86 86 86 86 86 86 86 86 86 86 86 86 86 86 86 86 86 86 86 86 86 86 86 86 86 86 86 86 86 86 86 86 86 86 86 86 86 86 86 86 86 86 86 86 86 86 86 86 86 86 86 86 86 86 86 86 86 86 86 86 86 86 86 86 86 86 86 86 86 86 86 86 86 86 86 86 86 86 86 86 86 86 85 85 85 85 0 0 0 
Case #93: 6137
36 36 36 36 36 36 36 36 36 36 36 36 36 36 36 36 36 36 36 36 36 36 36 36 36 36 36 36 36 36 36 36 36 36 36 36 36 36 36 36 36 36 36 36 36 36 36 36 36 36 36 36 36 36 36 36 36 36 36 36 36 36 36 36 36 36 36 36 36 36 36 36 36 36 36 36 36 36 36 36 36 36 36 36 36 36 36 36 36 36 36 36 36 36 36 36 36 36 36 36 36 36 36 36 36 36 36 36 36 36 36 36 36 36 36 36 36 35 35 35 35 35 35 35 35 35 35 35 35 35 35 35 35 35 35 35 35 35 35 35 35 35 35 35 35 35 35 35 35 35 35 35 35 35 35 35 35 35 35 35 35 35 35 35 35 35 35 35 35 35 35 35 
Case #94: 8463
24 24 24 24 24 24 24 24 24 24 24 24 24 24 24 24 24 24 24 24 24 24 24 24 24 24 24 24 24 24 24 24 24 24 24 24 24 24 24 24 24 24 24 24 24 24 24 24 24 24 24 24 24 24 24 24 24 24 24 24 24 24 24 24 24 24 24 24 24 24 24 24 24 24 24 24 24 24 24 24 24 24 24 24 24 24 24 24 24 24 24 24 24 24 24 24 24 24 24 24 24 24 24 24 24 24 24 24 24 24 24 24 24 24 24 24 24 24 24 24 24 24 24 24 24 24 24 24 24 24 24 24 24 24 24 24 24 24 24 24 24 24 24 24 24 24 24 24 24 24 24 24 24 24 24 24 24 24 24 24 24 24 24 24 24 24 24 24 24 24 24 24 24 24 24 24 24 24 24 24 24 24 24 24 24 24 24 24 24 24 24 24 24 24 24 24 24 24 24 24 24 24 24 24 24 24 24 24 24 24 24 24 24 24 24 24 24 24 24 24 24 24 24 24 24 24 24 24 24 24 24 24 24 24 24 24 24 24 24 24 24 24 24 24 24 24 24 24 24 24 24 24 24 24 24 24 24 24 24 24 24 24 24 24 24 24 24 24 24 24 24 24 24 24 24 24 24 24 24 24 24 24 24 24 24 24 24 24 24 24 24 24 24 24 24 24 24 24 24 24 24 24 24 24 24 24 24 24 24 24 24 24 24 24 24 24 24 24 24 24 24 23 23 23 23 23 23 23 23 23 23 23 23 23 23 23 23 23 23 23 23 23 23 23 23 23 23 23 23 23 23 23 23 23 
Case #95: 756762650
3234029 3234029 3234029 3234029 3234029 3234029 3234029 3234029 3234029 3234029 3234029 3234029 3234029 3234029 3234029 3234029 3234029 3234029 3234029 3234029 3234029 3234029 3234029 3234029 3234029 3234029 3234029 3234029 3234029 3234029 3234029 3234029 3234029 3234029 3234029 3234029 3234029 3234029 3234029 3234029 3234029 3234029 3234029 3234029 3234029 3234029 3234029 3234029 3234029 3234029 3234029 3234029 3234029 3234029 3234029 3234029 3234029 3234029 3234029 3234029 3234029 3234029 3234029 3234029 3234029 3234029 3234029 3234029 3234029 3234029 3234029 3234029 3234029 3234029 3234029 3234029 3234029 3234029 3234029 3234029 3234029 3234029 3234029 3234029 3234029 3234029 3234029 3234029 3234029 3234029 3234029 3234029 3234029 3234029 3234029 3234029 3234029 3234029 3234028 3234028 3234028 3234028 3234028 3234028 3234028 3234028 3234028 3234028 3234028 3234028 3234028 3234028 3234028 3234028 3234028 3234028 3234028 3234028 3234028 3234028 3234028 3234028 3234028 3234028 3234028 3234028 3234028 3234028 3234028 3234028 3234028 3234028 3234028 3234028 3234028 3234028 3234028 3234028 3234028 3234028 3234028 3234028 3234028 3234028 3234028 3234028 3234028 3234028 3234028 3234028 3234028 3234028 3234028 3234028 3234028 3234028 3234028 3234028 3234028 3234028 3234028 3234028 3234028 3234028 3234028 3234028 3234028 3234028 3234028 3234028 3234028 3234028 3234028 3234028 3234028 3234028 3234028 3234028 3234028 3234028 3234028 3234028 3234028 3234028 3234028 3234028 3234028 3234028 3234028 3234028 3234028 3234028 3234028 3234028 3234028 3234028 3234028 3234028 3234028 3234028 3234028 3234028 3234028 3234028 3234028 3234028 3234028 3234028 3234028 3234028 3234028 3234028 3234028 3234028 3234028 3234028 3234028 3234028 3234028 3234028 3234028 3234028 3234028 3234028 3234028 3234028 3234028 3234028 3234028 3234028 3234028 3234028 3234028 3234028 
Case #96: 134645
1307 1307 1307 1307 1307 1307 1307 1307 1307 1307 1307 1307 1307 1307 1307 1307 1307 1307 1307 1307 1307 1307 1307 1307 1307 1307 1307 1307 1307 1307 1307 1307 1307 1307 1307 1307 1307 1307 1307 1307 1307 1307 1307 1307 1307 1307 1307 1307 1307 1307 1307 1307 1307 1307 1307 1307 1307 1307 1307 1307 1307 1307 1307 1307 1307 1307 1307 1307 1307 1307 1307 1307 1307 1307 1307 1307 1307 1307 1307 1307 1307 1307 1307 1307 1307 1307 1307 1307 1307 1307 1307 1307 1307 1307 1307 1307 1307 1307 1307 1307 1307 1307 1307 12 12 
Case #97: 26
1 1 1 1 1 1 1 1 1 1 1 1 1 1 1 1 1 1 1 1 1 1 1 1 1 1 0 0 0 0 0 0 0 0 0 0 0 0 0 0 0 0 0 0 0 0 0 0 0 0 0 0 0 0 0 0 0 0 0 0 0 0 0 0 0 0 0 0 0 0 0 0 0 0 0 0 0 0 0 0 0 0 0 0 0 0 0 0 0 0 0 0 0 0 0 0 0 0 0 0 0 0 0 0 0 0 0 0 0 0 0 0 0 0 0 0 0 0 0 0 0 0 0 0 0 0 0 0 0 0 0 0 0 0 0 0 0 0 0 0 0 0 0 0 0 0 
Case #98: 2
1 1 0 0 0 0 0 0 0 0 0 0 0 0 0 0 0 0 0 0 0 0 0 0 0 0 0 0 0 0 0 0 0 0 0 0 0 0 0 0 0 0 0 0 0 0 0 0 0 0 0 0 0 0 0 0 0 0 0 0 0 0 0 0 0 0 0 0 0 0 0 0 0 0 0 0 0 0 0 0 0 0 0 0 0 0 0 0 0 0 0 0 0 0 0 0 0 0 0 0 0 0 0 0 0 0 0 0 0 0 0 0 0 0 0 0 0 0 0 0 0 0 0 0 0 0 0 0 0 0 0 0 0 0 0 0 0 0 0 0 0 0 0 0 0 0 0 0 0 0 0 0 0 0 0 0 0 0 0 0 0 0 0 0 0 0 0 0 0 0 0 0 0 0 0 0 0 0 0 0 0 0 0 0 0 0 0 0 0 0 0 0 0 0 0 0 0 0 0 0 
Case #99: 4906
60 59 59 59 59 59 59 59 59 59 59 59 59 59 59 59 59 59 59 59 59 59 59 59 59 59 59 59 59 59 59 59 59 59 59 59 59 59 59 59 59 59 59 59 59 59 59 59 59 59 59 59 59 59 59 59 59 59 59 59 59 59 59 59 59 59 59 59 59 59 59 59 59 59 59 59 59 59 59 59 59 59 59 8 
Case #100: 54263
2467 2467 2467 2467 2467 2467 2467 2467 2467 2467 2467 2466 2466 2466 2466 2466 2466 2466 2466 2466 2466 2466 0 
